school,city,county,applied,admitted,attended,tot_enrolled,grade_12
A B MILLER HIGH SCHOOL,Fontana,San Bernardino,25,3,,1961,485
ABLE CHARTER,Stockton,San Joaquin,8,,,1191,73
ABRAHAM LINCOLN HIGH SCHOOL,Los Angeles,Los Angeles,48,11,4,942,242
ABRAHAM LINCOLN HIGH SCHOOL,San Francisco,San Francisco,201,33,23,2037,489
ABRAHAM LINCOLN HIGH SCHOOL,San Jose,Santa Clara,56,8,3,1596,365
ACADEMIA AVANCE CHARTER SCHOOL,Los Angeles,Los Angeles,16,,,241,41
ACADEMIC LEADERSHIP COMMUNITY,Los Angeles,Los Angeles,9,,,454,110
ACADEMIES EDUCATION/EMPOWERMNT,Carson,Los Angeles,18,6,4,493,132
ACADEMY FOR ACADEMIC EXCELLENCE,Apple Valley,San Bernardino,6,3,,1496,119
ACADEMY OF MEDICAL ARTS AT CARSON,Carson,Los Angeles,8,,,457,121
ACADEMY OF THE CANYONS,Santa Clarita,Los Angeles,47,7,5,390,100
ACADEMY OF THE REDWOODS,Eureka,Humboldt,17,7,6,165,33
ACADEMY-SAN FRAN @ MCATEER,San Francisco,San Francisco,13,3,,265,73
ACALANES HIGH SCHOOL,Lafayette,Contra Costa,128,18,12,1250,321
ACE CHARTER HIGH SCHOOL,San Jose,Santa Clara,13,,,341,80
ADELANTO HIGH SCHOOL,Adelanto,San Bernardino,36,3,,2229,489
ADOLFO CAMARILLO HIGH SCHOOL,Camarillo,Ventura,49,,,1932,492
ADRIAN C WILCOX HIGH SCHOOL,Santa Clara,Santa Clara,101,,,1695,446
ADVANCED LEARNING ACADEMY,Santa Ana,Orange,14,,,368,48
AGOURA HIGH SCHOOL,Agoura Hills,Los Angeles,81,12,5,1728,455
AIMS COLLEGE PREP HIGH SCHOOL,Oakland,Alameda,42,4,,368,86
ALAIN LEROY LOCKE COLLEGE PREP,Los Angeles,Los Angeles,15,,,1189,332
ALAMEDA COMMUNITY LEARNING CTR,Alameda,Alameda,12,,,389,40
ALAMEDA HIGH SCHOOL,Alameda,Alameda,170,25,12,1863,479
ALAMEDA SCIENCE & TECHNICAL INST,Alameda,Alameda,42,7,6,167,29
ALBANY HIGH SCHOOL,Albany,Alameda,153,13,6,1117,270
ALEXANDER HAMILTON HIGH SCHOOL,Los Angeles,Los Angeles,82,24,9,2107,531
ALHAMBRA HIGH SCHOOL,Alhambra,Los Angeles,90,12,6,2100,623
ALHAMBRA HIGH SCHOOL,Martinez,Contra Costa,21,,,1070,274
ALISAL HIGH SCHOOL,Salinas,Monterey,89,11,7,2791,675
ALISO NIGUEL HIGH SCHOOL,Aliso Viejo,Orange,123,14,7,2608,674
ALLIANCE CINDY/BILL SIMON TECH,Los Angeles,Los Angeles,12,,,499,120
ALLIANCE COLLINS COLLEGE READY HS,Huntington Park,Los Angeles,21,3,,618,138
ALLIANCE DR OLGA MOHAN HIGH SC,Los Angeles,Los Angeles,13,5,,455,104
ALLIANCE GERTZ-RESSLER HIGH SC,Los Angeles,Los Angeles,39,7,4,1003,137
ALLIANCE JUDY BURTON TECH ACAD,Los Angeles,Los Angeles,17,4,,605,144
ALLIANCE LEICHTMAN-LEVINE ESHS,Los Angeles,Los Angeles,8,3,,321,77
ALLIANCE M&E STERN MATH SCI SCH,Los Angeles,Los Angeles,22,4,,561,139
ALLIANCE MARGARET M BLOOMFIELD,Huntington Park,Los Angeles,15,3,,589,137
ALLIANCE MIT 6-12 COMPLEX,Sun Valley,Los Angeles,19,,,,
ALLIANCE MORGAN MCKINZIE HS,Los Angeles,Los Angeles,15,,,470,101
ALLIANCE NEUWIRTH LEADERSHIP ACADMY,Los Angeles,Los Angeles,19,3,,597,130
ALLIANCE OUCHI-O'DONOVAN 6-12,Los Angeles,Los Angeles,33,4,,970,141
ALLIANCE PIERA BARBAGLIA SHAHEEN HS,Los Angeles,Los Angeles,13,,,452,114
ALLIANCE RENEE & MEYER LUSKIN,Los Angeles,Los Angeles,15,,,520,129
ALLIANCE SMIDT TECHNOLOGY HIGH,Los Angeles,Los Angeles,10,,,254,69
ALLIANCE TED K TAJIMA HIGH SCH,Los Angeles,Los Angeles,28,5,,475,107
ALLIANCE TENNENBAUM FAMILY TECH HS,Los Angeles,Los Angeles,7,,,184,47
ALPHA CINDY AVITIA HIGH SCHOOL,San Jose,Santa Clara,15,,,428,105
ALTA LOMA HIGH SCHOOL,Alta Loma,San Bernardino,45,3,,2400,596
ALTERNATIVES IN ACTION HIGH SCHOOL,Oakland,Alameda,11,,,132,32
ALTUS CHARTER SCHOOL OF SAN DIEGO,San Diego,San Diego,5,,,1855,505
AMADOR HIGH SCHOOL,Sutter Creek,Amador,8,,,627,148
AMADOR VALLEY HIGH SCHOOL,Pleasanton,Alameda,302,21,13,2574,646
AMBASSADOR SCHL GLOBAL LDRSHP,Los Angeles,Los Angeles,8,,,500,63
AMERICAN CANYON HIGH SCHOOL,American Canyon,Napa,61,8,,1698,427
AMERICAN HIGH SCHOOL,Fremont,Alameda,348,25,20,2587,570
ANAHEIM HIGH SCHOOL,Anaheim,Orange,74,8,5,2734,593
ANAHUACALMECAC INTRL UNIV PREP,Los Angeles,Los Angeles,6,,,266,21
ANALY HIGH SCHOOL,Sebastopol,Sonoma,33,,,1450,369
ANDERSON VALLEY JR SR HIGH SCHOOL,Boonville,Mendocino,5,,,207,39
ANDREW P HILL HIGH SCHOOL,San Jose,Santa Clara,30,5,,1620,405
ANGELO RODRIGUEZ HIGH SCHOOL,Fairfield,Solano,95,6,3,2053,500
ANIMO COMPTON CHARTER SCHOOL,Los Angeles,Los Angeles,8,,,330,36
ANIMO CTY CHAMPIONS CHARTER HS,Inglewood,Los Angeles,11,,,303,68
ANIMO INGLEWOOD CHARTER HS,Inglewood,Los Angeles,31,3,,610,154
ANIMO JACKIE ROBINSON CHRT SCH,Los Angeles,Los Angeles,25,6,,604,152
ANIMO LEADERSHIP CHARTER HS,Inglewood,Los Angeles,33,7,,628,151
ANIMO PAT BROWN CHARTER HS,Los Angeles,Los Angeles,38,8,,602,141
ANIMO RALPH BUNCHE CHARTER HS,Los Angeles,Los Angeles,22,4,,557,130
ANIMO S LOS ANGELES CHARTER HS,Los Angeles,Los Angeles,11,,,1036,223
ANIMO VENICE CHARTER HS,Venice,Los Angeles,22,6,,373,96
ANIMO WATTS COLLGE PREP ACDMY,Los Angeles,Los Angeles,21,3,,541,116
ANN SOBRATO HIGH SCHOOL,Morgan Hill,Santa Clara,82,7,4,1510,369
ANTELOPE HIGH SCHOOL,Antelope,Sacramento,37,3,,,
ANTELOPE VALLEY HIGH SCHOOL,Lancaster,Los Angeles,14,3,,1512,381
ANTIOCH HIGH SCHOOL,Antioch,Contra Costa,36,,,1823,398
APPLE VALLEY HIGH SCHOOL,Apple Valley,San Bernardino,31,,,2163,540
APPLIED TECHNOLOGY CENTER,Montebello,Los Angeles,9,,,376,114
APTOS HIGH SCHOOL,Aptos,Santa Cruz,53,8,6,1316,328
ARAGON HIGH SCHOOL,San Mateo,San Mateo,197,27,16,1686,435
ARCADIA HIGH SCHOOL,Arcadia,Los Angeles,371,51,29,3004,788
ARCATA HIGH SCHOOL,Arcata,Humboldt,32,5,,1011,229
ARCHIE WILLIAMS HIGH SCHOOL,San Anselmo,Marin,93,9,6,1181,312
ARGONAUT HIGH SCHOOL,Jackson,Amador,7,,,594,136
ARISE HIGH SCHOOL,Oakland,Alameda,15,4,4,400,96
ARLETA HIGH SCHOOL,Arleta,Los Angeles,18,3,,1092,245
ARLINGTON HIGH SCHOOL,Riverside,Riverside,21,3,,1967,440
ARMIJO HIGH SCHOOL,Fairfield,Solano,27,4,,1899,415
ARNOLD O BECKMAN HIGH SCHOOL,Irvine,Orange,235,35,20,2713,652
ARROYO GRANDE HIGH SCHOOL,Arroyo Grande,San Luis Obispo,54,6,5,1976,490
ARROYO HIGH SCHOOL,El Monte,Los Angeles,42,8,,1698,440
ARROYO HIGH SCHOOL,San Lorenzo,Alameda,88,10,9,1542,404
ARROYO VALLEY HIGH SCHOOL,San Bernardino,San Bernardino,43,5,,2730,707
ARTESIA HIGH SCHOOL,Lakewood,Los Angeles,17,,,1441,384
ARVIN HIGH SCHOOL,Arvin,Kern,39,7,5,2728,713
ASPIRE ALEXANDER TWILIGHT SCND,Sacramento,Sacramento,10,,,473,50
ASPIRE BENJAMIN HOLT COLG PREP,Stockton,San Joaquin,36,5,3,694,164
ASPIRE GOLDEN STATE COLLG PREP ACAD,Oakland,Alameda,17,,,436,66
ASPIRE LANGSTON HUGHES ACADEMY,Stockton,San Joaquin,16,4,,756,88
ASPIRE LIONEL WILSON COLG PREP,Oakland,Alameda,18,4,4,406,62
ASPIRE OLLIN UNIV PREP ACDMY,Huntington Park,Los Angeles,11,3,,557,78
ASPIRE PACIFIC ACADEMY,Huntington Park,Los Angeles,8,,,560,78
ASPIRE RICHMOND CA COLG PREP,Richmond,Contra Costa,26,6,5,595,77
ASPIRE VANGUARD COL PREP ACAD,Modesto,Stanislaus,9,,,621,67
ASSURANCE LEARNING ACADEMY,Lancaster,Los Angeles,11,,,3111,299
ATASCADERO HIGH SCHOOL,Atascadero,San Luis Obispo,16,,,1114,244
ATWATER HIGH SCHOOL,Atwater,Merced,34,5,,2051,504
AUDEO CHARTER SCHOOL I,San Diego,San Diego,6,,,402,57
AVENAL HIGH SCHOOL,Avenal,Kings,11,4,,750,176
AVESON GLOBAL LEADERSHIP ACADEMY,Altadena,Los Angeles,6,,,207,33
AZUSA HIGH SCHOOL,Azusa,Los Angeles,30,9,4,1729,432
BAKERSFIELD HIGH SCHOOL,Bakersfield,Kern,24,,,3024,823
BALBOA HIGH SCHOOL,San Francisco,San Francisco,130,17,12,1251,326
BALDWIN PARK HIGH SCHOOL,Baldwin Park,Los Angeles,14,,,1409,357
BANNING HIGH SCHOOL,Banning,Riverside,10,,,1146,251
BASSETT HIGH SCHOOL,La Puente,Los Angeles,13,,,793,218
BAY AREA TECHNOLOGY-BAYTECH,Oakland,Alameda,14,3,,309,50
BAYFRONT CHARTER HIGH SCHOOL,Chula Vista,San Diego,7,,,,
BEAR CREEK HIGH SCHOOL,Stockton,San Joaquin,28,7,3,1880,445
BEAR RIVER HIGH SCHOOL,Grass Valley,Nevada,9,,,634,122
BEAUMONT HIGH SCHOOL,Beaumont,Riverside,37,5,,3336,754
BELL GARDENS HIGH SCHOOL,Bell Gardens,Los Angeles,34,3,,2139,531
BELL HIGH SCHOOL,Bell,Los Angeles,55,10,4,2259,492
BELLA VISTA HIGH SCHOOL,Fair Oaks,Sacramento,33,5,,1926,411
BELLFLOWER HIGH SCHOOL,Bellflower,Los Angeles,33,3,,2062,361
BELMONT HIGH SCHOOL,Los Angeles,Los Angeles,13,3,,663,115
BENICIA HIGH SCHOOL,Benicia,Solano,60,7,4,1405,360
BENJAMIN FRANKLIN HIGH SCHOOL,Los Angeles,Los Angeles,43,5,,1350,317
BERKELEY HIGH SCHOOL,Berkeley,Alameda,319,73,37,3220,797
BEVERLY HILLS HIGH SCHOOL,Beverly Hills,Los Angeles,80,14,6,1178,314
BIG BEAR HIGH SCHOOL,Big Bear City,San Bernardino,5,,,626,158
BIRMINGHAM COMMUNITY CHARTER HS,Lake Balboa,Los Angeles,126,21,8,3090,706
BISHOP UNION HIGH SCHOOL,Bishop,Inyo,10,,,613,158
BLAIR HIGH SCHOOL,Pasadena,Los Angeles,28,3,,1055,151
BLOOMINGTON HIGH SCHOOL,Bloomington,San Bernardino,13,,,1864,466
BLUE RIDGE ACADEMY,Maricopa,Kern,12,4,,6931,192
BOLSA GRANDE HIGH SCHOOL,Garden Grove,Orange,47,11,5,1726,415
BONITA HIGH SCHOOL,La Verne,Los Angeles,42,6,,1866,448
BONITA VISTA HIGH SCHOOL,Chula Vista,San Diego,86,15,9,2049,596
BONSALL HIGH SCHOOL,Bonsall,San Diego,9,,,331,83
BOSTONIA GLOBAL,El Cajon,San Diego,5,,,1175,24
BOYLE HEIGHTS STEM MAGNET HIGH SCH,Los Angeles,Los Angeles,11,,,,
BRANHAM HIGH SCHOOL,San Jose,Santa Clara,128,13,11,1955,508
BRAWLEY UNION HIGH SCHOOL,Brawley,Imperial,14,,,1840,396
BREA OLINDA HIGH SCHOOL,Brea,Orange,81,9,,1710,416
BRET HARTE UNION HIGH SCHOOL,Angels Camp,Calaveras,6,,,566,123
BRIO COLLEGE PREP,Los Angeles,Los Angeles,33,3,,496,136
BUCHANAN HIGH SCHOOL,Clovis,Fresno,61,11,6,2606,631
BUCKINGHAM COLLEGIATE CHARTER,Vacaville,Solano,10,,,474,97
BUENA HIGH SCHOOL,Ventura,Ventura,20,,,1685,409
BUENA PARK HIGH SCHOOL,Buena Park,Orange,31,7,,1726,411
BUHACH COLONY HIGH SCHOOL,Atwater,Merced,30,,,1658,414
BULLARD HIGH SCHOOL,Fresno,Fresno,44,4,,2371,530
BURBANK HIGH SCHOOL,Burbank,Los Angeles,111,14,6,2471,591
BURLINGAME HIGH SCHOOL,Burlingame,San Mateo,164,13,4,1540,415
C K MCCLATCHY HIGH SCHOOL,Sacramento,Sacramento,96,13,7,2481,559
CA ONLINE PUBLIC SCH CENTRAL VALLEY,Ripon,San Joaquin,6,,,,
CA ONLINE PUBLIC SCH MONTEREY BAY,Ripon,San Joaquin,7,,,,
CA ONLINE PUBLIC SCH NORTHERN CA,Ripon,San Joaquin,18,,,,
CA ONLINE PUBLIC SCHOOLS SOUTHRN CA,San Juan Capistrano,Orange,28,,,,
CA SCH ARTS SAN GABRIEL VALLEY,Duarte,Los Angeles,62,11,4,935,254
CABRILLO HIGH SCHOOL,Lompoc,Santa Barbara,16,,,1074,284
CABRILLO POINT ACADEMY,El Cajon,San Diego,7,,,4884,126
CAJON HIGH SCHOOL,San Bernardino,San Bernardino,52,4,3,2662,643
CALABASAS HIGH SCHOOL,Calabasas,Los Angeles,121,32,18,1721,454
CALAVERAS HIGH SCHOOL,San Andreas,Calaveras,7,,,749,154
CALEXICO HIGH SCHOOL,Calexico,Imperial,34,5,3,2718,657
CALIFORNIA ACAD MATH & SCIENCE,Carson,Los Angeles,115,24,11,667,163
CALIFORNIA CITY HIGH SCHOOL,California City,Kern,5,,,637,159
CALIFORNIA HIGH SCHOOL,San Ramon,Contra Costa,291,36,24,2869,715
CALIFORNIA HIGH SCHOOL,Whittier,Los Angeles,55,11,4,2376,619
CALIFORNIA MILITARY INSTITUTE,Perris,Riverside,16,,,1044,114
CALIFORNIA VIRTUAL ACADEMY LA,Simi Valley,Ventura,19,,,,
CALIFORNIA VIRTUAL-SAN JOAQUIN,Simi Valley,Ventura,17,,,,
CALIPATRIA HIGH SCHOOL,Calipatria,Imperial,9,,,334,70
CALISTOGA JUNIOR SENIOR HIGH SCHOOL,Calistoga,Napa,10,,,378,62
CAMINO NUEVO HIGH SCH DALZELL LANCE,Los Angeles,Los Angeles,18,,,496,112
CAMPOLINDO HIGH SCHOOL,Moraga,Contra Costa,155,25,15,1332,342
CANOGA PARK HIGH SCHOOL,Canoga Park,Los Angeles,32,3,3,1456,294
CANYON CREST ACADEMY,San Diego,San Diego,346,29,19,2183,534
CANYON HIGH SCHOOL,Anaheim,Orange,121,10,5,2178,537
CANYON HIGH SCHOOL,Canyon Country,Los Angeles,24,4,4,1966,442
CANYON HILLS HIGH SCHOOL,San Diego,San Diego,45,3,3,1236,267
CANYON SPRINGS HIGH SCHOOL,Moreno Valley,Riverside,33,5,,2240,539
CAPISTRANO VALLEY HIGH SCHOOL,Mission Viejo,Orange,106,11,8,1981,527
CAPUCHINO HIGH SCHOOL,San Bruno,San Mateo,39,6,,1108,323
CARLMONT HIGH SCHOOL,Belmont,San Mateo,288,45,32,2360,587
CARLSBAD HIGH SCHOOL,Carlsbad,San Diego,79,8,3,2365,630
CARMEL HIGH SCHOOL,Carmel,Monterey,47,9,7,799,184
CARPINTERIA HIGH SCHOOL,Carpinteria,Santa Barbara,16,,,609,157
CARSON HIGH SCHOOL,Carson,Los Angeles,48,9,5,1378,313
CARUTHERS HIGH SCHOOL,Caruthers,Fresno,9,,,674,170
CASA GRANDE HIGH SCHOOL,Petaluma,Sonoma,45,4,,1631,433
CASA ROBLE FUNDAMENTAL HS,Orangevale,Sacramento,22,,,1103,261
CASTAIC HIGH SCHOOL,Castaic,Los Angeles,22,4,,1193,348
CASTLE PARK HIGH SCHOOL,Chula Vista,San Diego,26,8,4,1381,381
CASTLEMONT HIGH SCHOOL,Oakland,Alameda,19,,,698,149
CASTRO VALLEY HIGH SCHOOL,Castro Valley,Alameda,225,16,11,2842,666
CATCH PREP CHARTER HIGH,Los Angeles,Los Angeles,10,9,,123,27
CATHEDRAL CITY HIGH SCHOOL,Cathedral City,Riverside,38,7,3,1370,351
CEIBA COLLEGE PREPARATORY ACAD,Watsonville,Santa Cruz,12,,,507,58
CENTENNIAL HIGH SCHOOL,Bakersfield,Kern,31,,,2237,580
CENTENNIAL HIGH SCHOOL,Compton,Los Angeles,23,3,,968,191
CENTENNIAL HIGH SCHOOL,Corona,Riverside,77,19,7,2816,715
CENTER HIGH SCHOOL,Antelope,Sacramento,30,,,1367,359
CENTRAL CITY VALUE HIGH SCHOOL,Los Angeles,Los Angeles,10,,,470,104
CENTRAL COAST NEW TECH HIGH SC,Nipomo,San Luis Obispo,12,,,286,53
CENTRAL EAST HIGH SCHOOL,Fresno,Fresno,15,3,,1754,426
CENTRAL HIGH SCHOOL,Fresno,Fresno,7,,,641,195
CENTRAL UNION HIGH SCHOOL,El Centro,Imperial,30,5,,1955,453
CENTRAL VALLEY HIGH SCHOOL,Ceres,Stanislaus,46,5,5,2336,572
CENTURY HIGH SCHOOL,Santa Ana,Orange,18,,,1615,506
CERES HIGH SCHOOL,Ceres,Stanislaus,35,7,3,1713,398
CERRITOS HIGH SCHOOL,Cerritos,Los Angeles,142,17,7,2083,562
CESAR CHAVEZ HIGH SCHOOL,Stockton,San Joaquin,29,,,2018,469
CESAR E CHAVEZ HIGH SCHOOL,Delano,Kern,13,6,,1351,325
CHAFFEY DISTRICT ONLINE HS,Ontario,San Bernardino,5,,,112,36
CHAFFEY HIGH SCHOOL,Ontario,San Bernardino,31,8,5,3223,853
CHANNEL ISLANDS HIGH SCHOOL,Oxnard,Ventura,45,7,,2444,608
CHAPARRAL HIGH SCHOOL,Temecula,Riverside,69,,,3077,734
CHARTER HS ARTS MEDIA PERFORM,Van Nuys,Los Angeles,10,,,443,117
CHARTER OAK HIGH SCHOOL,Covina,Los Angeles,18,3,,1299,291
CHATSWORTH CHARTER HIGH SCHOOL,Chatsworth,Los Angeles,53,13,7,1724,338
CHAVEZ LA ACADEMY OF SCIENCE,San Fernando,Los Angeles,9,,,363,77
CHAVEZ LA ARTES,San Fernando,Los Angeles,12,,,,
CHAVEZ LEARNING ACAD-TECH PREP ACAD,San Fernando,Los Angeles,13,,,346,66
CHICO HIGH SCHOOL,Chico,Butte,43,4,4,1873,504
CHINO HIGH SCHOOL,Chino,San Bernardino,28,4,,2009,502
CHINO HILLS HIGH SCHOOL,Chino Hills,San Bernardino,128,18,11,2767,637
CHOWCHILLA UNION HIGH SCHOOL,Chowchilla,Madera,18,4,,1067,250
CHRISTOPHER HIGH SCHOOL,Gilroy,Santa Clara,36,3,3,1667,432
CHULA VISTA HIGH SCHOOL,Chula Vista,San Diego,41,8,,1980,540
CHULA VISTA LRNG CMNTY CHARTER,Chula Vista,San Diego,32,7,4,1458,93
CIRCLE OF INDEPENDENT LEARNING,Fremont,Alameda,8,,,402,82
CITRUS HILL HIGH SCHOOL,Perris,Riverside,23,,,1677,422
CITRUS VALLEY HIGH SCHOOL,Redlands,San Bernardino,29,3,,2206,538
CITY ARTS AND LEADERSHIP ACADEMY,San Francisco,San Francisco,26,,,407,105
CITY HONORS HIGH SCHOOL,Inglewood,Los Angeles,18,,,346,70
CITY OF ANGELS SCHOOL,Los Angeles,Los Angeles,5,,,1180,432
CLAIREMONT HIGH SCHOOL,San Diego,San Diego,22,3,,813,218
CLAREMONT HIGH SCHOOL,Claremont,Los Angeles,115,17,10,2182,574
CLARK MAGNET HIGH SCHOOL,La Crescenta,Los Angeles,86,8,,1139,278
CLASSICAL ACADEMY HIGH SCHOOL,Escondido,San Diego,24,,,1298,304
CLAYTON VALLEY CHARTER HIGH SCHOOL,Concord,Contra Costa,127,11,7,2390,574
CLEAR LAKE HIGH SCHOOL,Lakeport,Lake,6,,,336,82
CLEVELAND HIGH SCHOOL,Reseda,Los Angeles,115,18,11,2784,620
CLOVERDALE HIGH SCHOOL,Cloverdale,Sonoma,8,,,387,85
CLOVIS EAST HIGH SCHOOL,Clovis,Fresno,43,3,,2923,685
CLOVIS HIGH SCHOOL,Clovis,Fresno,25,3,,2876,827
CLOVIS NORTH HIGH SCHOOL,Fresno,Fresno,113,20,6,2400,604
CLOVIS WEST HIGH SCHOOL,Fresno,Fresno,51,6,,2162,509
COACHELLA VALLEY HIGH SCHOOL,Thermal,Riverside,43,8,7,2345,578
COALINGA HIGH SCHOOL,Coalinga,Fresno,21,,,1232,257
COASTAL ACADEMY HS OCEANSIDE,Oceanside,San Diego,11,,,1876,138
COBALT INSTITUTE OF MATH & SCIENCE,Victorville,San Bernardino,32,4,,1111,179
COLFAX HIGH SCHOOL,Colfax,Placer,13,4,,628,135
COLISEUM COLLEGE PREP ACADEMY,Oakland,Alameda,35,6,4,780,68
COLLEGE PARK HIGH SCHOOL,Pleasant Hill,Contra Costa,103,11,9,1997,490
COLONY HIGH SCHOOL,Ontario,San Bernardino,28,,,2085,513
COLTON HIGH SCHOOL,Colton,San Bernardino,24,,,1768,415
COLUSA HIGH SCHOOL,Colusa,Colusa,10,,,459,97
COMM&TECH SCHOOL RIVERA LRNG COMPLX,Los Angeles,Los Angeles,19,,,,
COMPTON EARLY COLLEGE HIGH SCH,Compton,Los Angeles,39,6,6,560,128
COMPTON HIGH SCHOOL,Compton,Los Angeles,31,,,1297,275
CONCORD HIGH SCHOOL,Concord,Contra Costa,23,5,4,1118,278
CONNECTING WATERS - EAST BAY,Waterford,Stanislaus,18,,,768,69
CONNECTING WATERS CHARTER SCH,Waterford,Stanislaus,5,,,768,69
CORCORAN HIGH SCHOOL,Corcoran,Kings,20,6,,922,179
CORDOVA HIGH SCHOOL,Rancho Cordova,Sacramento,29,4,,1900,439
CORONA DEL MAR HIGH SCHOOL,Newport Beach,Orange,117,17,10,2042,366
CORONA HIGH SCHOOL,Corona,Riverside,28,5,,2244,482
CORONADO HIGH SCHOOL,Coronado,San Diego,52,9,3,1004,258
CORTINES SCHOOL VPA,Los Angeles,Los Angeles,57,12,4,1139,280
COSTA MESA HIGH SCHOOL,Costa Mesa,Orange,22,4,,1761,287
COSUMNES OAKS HIGH SCHOOL,Elk Grove,Sacramento,122,13,3,2151,570
COVINA HIGH SCHOOL,Covina,Los Angeles,27,3,,1080,259
CRAWFORD HIGH SCHOOL,San Diego,San Diego,41,12,5,1276,275
CREATIVE CONNECTIONS ARTS ACAD,North Highlands,Sacramento,7,,,705,42
CREDO HIGH SCHOOL ARTS/LETTERS/SCI,Rohnert Park,Sonoma,19,3,,440,89
CRENSHAW HIGH SCHOOL,Los Angeles,Los Angeles,18,,,534,142
CRESCENTA VALLEY HIGH SCHOOL,La Crescenta,Los Angeles,200,32,8,2532,584
CRITICAL DESIGN AND GAMING SCH,Los Angeles,Los Angeles,24,4,,,
CULVER CITY HIGH SCHOOL,Culver City,Los Angeles,129,20,8,2085,528
CUPERTINO HIGH SCHOOL,Cupertino,Santa Clara,294,36,27,1811,498
CYPRESS HIGH SCHOOL,Cypress,Orange,134,11,7,2705,665
DA VINCI CHARTER ACADEMY,Davis,Yolo,20,,,582,75
DA VINCI COMMUNICATIONS HS,El Segundo,Los Angeles,31,5,,530,131
DA VINCI CONNECT HIGH SCHOOL,El Segundo,Los Angeles,22,,,865,72
DA VINCI DESIGN HIGH SCHOOL,El Segundo,Los Angeles,13,,,526,133
DA VINCI SCIENCE HIGH SCHOOL,El Segundo,Los Angeles,28,3,,546,142
DANA HILLS HIGH SCHOOL,Dana Point,Orange,63,6,,1805,505
DANIEL PEARL MAGNET HIGH SCHL,Van Nuys,Los Angeles,11,,,224,50
DAVID STARR JORDAN HS,Los Angeles,Los Angeles,14,,,2207,458
DAVIS SCHOOL INDEPENDENT STUDY,Davis,Yolo,5,3,,145,32
DAVIS SENIOR HIGH SCHOOL,Davis,Yolo,225,22,14,1789,605
DE ANZA HIGH SCHOOL,Richmond,Contra Costa,45,8,8,1103,300
DEER VALLEY HIGH SCHOOL,Antioch,Contra Costa,24,3,3,1804,476
DEL CAMPO HIGH SCHOOL,Fair Oaks,Sacramento,25,,,1557,365
DEL LAGO ACADEMY,Escondido,San Diego,32,4,,757,171
DEL MAR HIGH SCHOOL,San Jose,Santa Clara,32,3,3,1310,310
DEL NORTE HIGH SCHOOL,San Diego,San Diego,281,33,14,2564,622
DEL ORO HIGH SCHOOL,Bakersfield,Kern,13,,,,
DEL ORO HIGH SCHOOL,Loomis,Placer,29,6,,1622,404
DELANO HIGH SCHOOL,Delano,Kern,23,,,1225,298
DELHI HIGH SCHOOL,Delhi,Merced,15,3,,723,205
DENAIR HIGH SCHOOL,Denair,Stanislaus,6,,,277,61
DESERT HIGH SCHOOL,Edwards,Kern,7,,,458,65
DESERT HOT SPRINGS HS,Desert Hot Springs,Riverside,30,5,3,1718,403
DESERT MIRAGE HIGH SCHOOL,Thermal,Riverside,35,7,4,1974,506
DESIGN SCIENCE MIDDLE COLG HS,Fresno,Fresno,33,6,5,242,59
DESIGN TECH HIGH SCHOOL,Redwood City,San Mateo,72,12,9,537,120
DIAMOND BAR HIGH SCHOOL,Diamond Bar,Los Angeles,299,54,32,2532,632
DIAMOND RANCH HIGH SCHOOL,Pomona,Los Angeles,26,,,1567,404
DINUBA HIGH SCHOOL,Dinuba,Tulare,24,,,2115,483
DIXON HIGH SCHOOL,Dixon,Solano,25,,,1012,272
DOMINGUEZ HIGH SCHOOL,Compton,Los Angeles,35,5,,1616,321
DON ANTONIO LUGO HIGH SCHOOL,Chino,San Bernardino,16,3,3,1391,407
DOS PALOS HIGH SCHOOL,Dos Palos,Merced,10,,,628,148
DOS PUEBLOS HIGH SCHOOL,Goleta,Santa Barbara,155,20,11,2075,478
DOUGHERTY VALLEY HIGH SCHOOL,San Ramon,Contra Costa,542,44,32,3118,795
DOWNEY HIGH SCHOOL,Downey,Los Angeles,98,8,3,3936,946
DOWNTOWN COLG PREP EL PRIMERO,San Jose,Santa Clara,33,3,,459,97
DOWNTOWN MAGNETS HIGH SCHOOL,Los Angeles,Los Angeles,50,5,,,
DOZIER-LIBBEY MEDICAL HIGH SCH,Antioch,Contra Costa,29,8,3,697,155
DR MAYA ANGELOU COMMUNITY HS,Los Angeles,Los Angeles,24,6,3,1013,195
DR RICHARD VLADOVIC HARBOR ACA,Wilmington,Los Angeles,53,9,3,447,98
DR TJ OWENS GILROY EARLY COLG,Gilroy,Santa Clara,34,7,4,290,62
DUARTE HIGH SCHOOL,Duarte,Los Angeles,23,,,770,185
DUBLIN HIGH SCHOOL,Dublin,Alameda,435,40,27,3224,876
DUNCAN POLYTECHNICAL HS,Fresno,Fresno,17,3,,1186,253
DURHAM HIGH SCHOOL,Durham,Butte,5,,,308,73
E3 CIVIC HIGH,San Diego,San Diego,10,,,373,79
EAGLE ROCK HIGH SCHOOL,Los Angeles,Los Angeles,98,21,16,2059,378
EARLY COLLEGE ACAD LA TRADE TECH,Los Angeles,Los Angeles,10,,,225,48
EARLY COLLEGE HIGH SCHOOL,Costa Mesa,Orange,11,,,200,53
EAST BAKERSFIELD HIGH SCHOOL,Bakersfield,Kern,37,4,,2420,605
EAST BAY INNOVATION ACADEMY,Oakland,Alameda,21,4,4,502,34
EAST COLLEGE PREP,Los Angeles,Los Angeles,19,,,2092,450
EAST PALO ALTO ACADEMY,East Palo Alto,San Mateo,8,,,287,69
EAST UNION HIGH SCHOOL,Manteca,San Joaquin,19,,,1510,375
EAST VALLEY HIGH SCHOOL,North Hollywood,Los Angeles,11,,,538,121
EAST VILLAGE MIDDLE COLLEGE HS,San Diego,San Diego,8,3,,124,21
EASTLAKE HIGH SCHOOL,Chula Vista,San Diego,133,10,7,2710,724
EASTSIDE HIGH SCHOOL,Lancaster,Los Angeles,25,4,,2592,629
EDGEWOOD HIGH SCHOOL,West Covina,Los Angeles,18,,,791,197
EDISON HIGH SCHOOL,Fresno,Fresno,62,21,13,2432,574
EDISON HIGH SCHOOL,Huntington Beach,Orange,55,10,7,2011,595
EDISON SENIOR HIGH SCHOOL,Stockton,San Joaquin,33,,,2414,629
EDWARD C MERLO INSTITUTE,Stockton,San Joaquin,6,,,216,58
EDWARD R ROYBAL LEARNING CNTR,Los Angeles,Los Angeles,26,5,,1143,246
EISENHOWER HIGH SCHOOL,Rialto,San Bernardino,37,,,2152,514
EL CAJON VALLEY HIGH SCHOOL,El Cajon,San Diego,15,5,,1672,454
EL CAMINO FUNDAMENTAL HS,Sacramento,Sacramento,27,,,1296,319
EL CAMINO HIGH,South San Francisco,San Mateo,61,5,4,1088,306
EL CAMINO HIGH SCHOOL,Oceanside,San Diego,38,,,2526,589
EL CAMINO HIGH SCHOOL,Ventura,Ventura,11,,,218,70
EL CAMINO REAL CHARTER HIGH SC,Woodland Hills,Los Angeles,109,8,3,3261,931
EL CAPITAN HIGH SCHOOL,Lakeside,San Diego,36,3,,1830,467
EL CAPITAN HIGH SCHOOL,Merced,Merced,41,11,6,1811,451
EL CERRITO HIGH SCHOOL,El Cerrito,Contra Costa,119,27,18,1476,363
EL DIAMANTE HIGH SCHOOL,Visalia,Tulare,26,5,,1942,468
EL DORADO HIGH SCHOOL,Placentia,Orange,51,4,,2009,501
EL DORADO HIGH SCHOOL,Placerville,El Dorado,18,,,1195,310
EL MODENA HIGH SCHOOL,Orange,Orange,29,3,,1914,474
EL MONTE HIGH SCHOOL,El Monte,Los Angeles,42,4,,1421,329
EL RANCHO HIGH SCHOOL,Pico Rivera,Los Angeles,50,11,3,2104,468
EL SEGUNDO HIGH SCHOOL,El Segundo,Los Angeles,106,12,7,1290,320
EL TORO HIGH SCHOOL,Lake Forest,Orange,52,,,1972,504
ELEANOR ROOSEVELT HIGH SCHOOL,Eastvale,Riverside,159,23,8,4464,1116
ELIZABETH LEARNING CENTER,Cudahy,Los Angeles,15,,,1322,131
ELK GROVE HIGH SCHOOL,Elk Grove,Sacramento,46,,,1692,449
ELSIE ALLEN HIGH SCHOOL,Santa Rosa,Sonoma,16,,,980,241
ELSINORE HIGH SCHOOL,Wildomar,Riverside,18,3,,2065,481
EMERY SECONDARY SCHOOL,Emeryville,Alameda,14,4,3,155,34
ENCINA HIGH SCHOOL,Sacramento,Sacramento,5,,,628,173
ENCINAL HIGH SCHOOL,Alameda,Alameda,62,5,4,1218,220
ENTERPRISE HIGH SCHOOL,Redding,Shasta,17,,,1158,266
ENVIRONMENTAL CHARTER HIGH SCH,Gardena,Los Angeles,7,,,490,122
ENVIRONMENTAL CHARTER HS LAWNDALE,Lawndale,Los Angeles,11,,,490,122
ENVISION ACAD ARTS/TECHNOLOGY,Oakland,Alameda,9,,,223,51
ERNEST RIGHETTI HIGH SCHOOL,Santa Maria,Santa Barbara,36,10,6,2424,613
ERNEST S MCBRIDE SR HIGH SCHL,Long Beach,Los Angeles,40,9,6,718,186
ESCALON HIGH SCHOOL,Escalon,San Joaquin,13,,,814,186
ESCONDIDO CHARTER HIGH SCHOOL,Escondido,San Diego,21,,,1771,505
ESCONDIDO HIGH SCHOOL,Escondido,San Diego,20,3,,1771,505
ESPARTO HIGH SCHOOL,Esparto,Yolo,6,,,281,65
ESPERANZA COLLEGE PREP,Los Angeles,Los Angeles,24,3,,505,124
ESPERANZA HIGH SCHOOL,Anaheim,Orange,36,4,,1406,309
ESTANCIA HIGH SCHOOL,Costa Mesa,Orange,15,,,1030,270
ETIWANDA HIGH SCHOOL,Etiwanda,San Bernardino,67,7,5,3540,920
EUREKA HIGH SCHOOL,Eureka,Humboldt,13,,,1226,293
EVEREST PUBLIC HIGH SCHOOL,Redwood City,San Mateo,11,,,281,74
EVERETT ALVAREZ HIGH SCHOOL,Salinas,Monterey,67,7,4,2072,520
EVERGREEN VALLEY HIGH SCHOOL,San Jose,Santa Clara,309,32,22,2749,745
EXCEL ACADEMY CHARTER SCH-HELENDALE,Irvine,Orange,5,,,,
EXCELSIOR CHARTER SCHL VICTORVILLE,Victorville,San Bernardino,5,,,2120,371
EXETER UNION HIGH SCHOOL,Exeter,Tulare,9,,,900,214
FAIRFAX HIGH SCHOOL,Los Angeles,Los Angeles,58,10,7,1524,403
FAIRFIELD HIGH SCHOOL,Fairfield,Solano,17,,,1560,332
FALLBROOK UNION HIGH SCHOOL,Fallbrook,San Diego,17,,,1900,481
FARMERSVILLE HIGH SCHOOL,Farmersville,Tulare,10,,,728,154
FELICITAS AND GONZALO MENDEZ HS,Los Angeles,Los Angeles,17,6,3,779,210
FILLMORE HIGH SCHOOL,Fillmore,Ventura,19,5,,992,231
FIREBAUGH HIGH SCHOOL,Firebaugh,Fresno,13,,,632,150
FLORIN HIGH SCHOOL,Sacramento,Sacramento,42,6,3,1663,351
FOLSOM HIGH SCHOOL,Folsom,Sacramento,144,8,6,2806,677
FONTANA HIGH SCHOOL,Fontana,San Bernardino,55,5,,2455,557
FOOTHILL HIGH SCHOOL,Bakersfield,Kern,15,,,2063,516
FOOTHILL HIGH SCHOOL,Palo Cedro,Shasta,8,,,1432,310
FOOTHILL HIGH SCHOOL,Pleasanton,Alameda,239,18,12,2208,565
FOOTHILL HIGH SCHOOL,Sacramento,Sacramento,32,,,1289,256
FOOTHILL HIGH SCHOOL,Santa Ana,Orange,75,12,5,2196,565
FOOTHILL TECHNOLOGY HS,Ventura,Ventura,44,3,,962,233
FORT BRAGG HIGH SCHOOL,Fort Bragg,Mendocino,20,,,521,122
FORTUNA UNION HIGH SCHOOL,Fortuna,Humboldt,8,,,871,205
FOSHAY LEARNING CENTER,Los Angeles,Los Angeles,33,6,,1624,186
FOUNTAIN VALLEY HIGH SCHOOL,Fountain Valley,Orange,146,15,5,3130,720
FOWLER HIGH SCHOOL,Fowler,Fresno,30,7,3,801,185
FRANCISCO BRAVO MEDICAL MAGNET,Los Angeles,Los Angeles,72,7,,1562,381
FRANKLIN HIGH SCHOOL,Elk Grove,Sacramento,131,14,8,2659,656
FRANKLIN HIGH SCHOOL,Stockton,San Joaquin,30,4,3,2188,476
FRED C BEYER HIGH SCHOOL,Modesto,Stanislaus,27,,,1590,406
FREEDOM HIGH SCHOOL,Oakley,Contra Costa,50,5,3,2478,587
FREMONT ACD ENGINEERING/DESIGN,Pomona,Los Angeles,8,,,631,73
FREMONT HIGH SCHOOL,Oakland,Alameda,40,,,1186,233
FREMONT HIGH SCHOOL,Sunnyvale,Santa Clara,145,8,5,2169,650
FRESNO HIGH SCHOOL,Fresno,Fresno,27,4,,2009,421
FRONTIER HIGH SCHOOL,Bakersfield,Kern,27,,,2030,502
FULLERTON UNION HIGH SCHOOL,Fullerton,Orange,39,4,,1848,442
FUTURES HIGH SCHOOL,Sacramento,Sacramento,6,,,475,79
GABRIELINO HIGH SCHOOL,San Gabriel,Los Angeles,102,12,4,1483,388
GALILEO ACAD OF SCIENCE & TECH,San Francisco,San Francisco,171,20,15,1741,440
GALT HIGH SCHOOL,Galt,Sacramento,14,,,963,223
GANESHA HIGH SCHOOL,Pomona,Los Angeles,14,3,,943,277
GARDEN GROVE HIGH SCHOOL,Garden Grove,Orange,77,14,,2198,606
GARDENA HIGH SCHOOL,Gardena,Los Angeles,19,4,,1407,377
GAREY HIGH SCHOOL,Pomona,Los Angeles,23,5,,1604,442
GATEWAY HIGH SCHOOL,San Francisco,San Francisco,47,5,3,475,120
GEORGE WASHINGTON HIGH SCHOOL,San Francisco,San Francisco,220,21,15,2008,501
GEORGE WASHINGTON PREPARATORY,Los Angeles,Los Angeles,20,,,775,157
GHIDOTTI EARLY COLLEGE HIGH SCHOOL,Grass Valley,Nevada,8,,,154,36
GILROY HIGH SCHOOL,Gilroy,Santa Clara,35,3,,1664,417
GIRLS ACADEMIC LEADERSHIP ACAD,Los Angeles,Los Angeles,40,7,,66,16
GLEN A WILSON HIGH SCHOOL,Hacienda Heights,Los Angeles,81,13,7,3452,820
GLENDALE HIGH SCHOOL,Glendale,Los Angeles,40,5,3,2006,492
GLENDORA HIGH SCHOOL,Glendora,Los Angeles,64,6,4,2151,557
GOLDEN VALLEY HIGH SCHOOL,Bakersfield,Kern,45,3,,2365,731
GOLDEN VALLEY HIGH SCHOOL,Merced,Merced,42,6,3,1955,490
GOLDEN VALLEY HIGH SCHOOL,Santa Clarita,Los Angeles,35,6,3,1993,490
GOLDEN WEST HIGH SCHOOL,Visalia,Tulare,17,,,2009,423
GOMPERS PREPARATORY ACADEMY,San Diego,San Diego,35,7,3,1229,158
GONZALES HIGH SCHOOL,Gonzales,Monterey,16,6,3,777,202
GRACE M DAVIS HIGH SCHOOL,Modesto,Stanislaus,39,5,3,2022,475
GRANADA HIGH SCHOOL,Livermore,Alameda,110,11,8,2234,584
GRANADA HILLS CHARTER HIGH SCH,Granada Hills,Los Angeles,293,34,12,6014,1143
GRAND TERRACE HIGH SCHOOL,Grand Terrace,San Bernardino,27,6,,1747,425
GRANITE BAY HIGH SCHOOL,Granite Bay,Placer,131,19,11,2005,492
GRANITE HILLS HIGH SCHOOL,Apple Valley,San Bernardino,27,4,,1734,425
GRANITE HILLS HIGH SCHOOL,El Cajon,San Diego,40,4,,2414,662
GRANITE HILLS HIGH SCHOOL,Porterville,Tulare,18,6,5,1168,248
GRANT UNION HIGH SCHOOL,Sacramento,Sacramento,42,9,,2016,448
GREAT OAK HIGH SCHOOL,Temecula,Riverside,120,11,9,3007,721
GREEN DESIGN STEAM ACADEMY,Los Angeles,Los Angeles,15,,,,
GREENFIELD HIGH SCHOOL,Greenfield,Monterey,30,,,1333,293
GRETCHEN WHITNEY HIGH SCHOOL,Cerritos,Los Angeles,119,23,13,1018,163
GRIDLEY HIGH SCHOOL,Gridley,Butte,6,,,644,152
GRIFFIN ACADEMY HIGH SCHOOL,Vallejo,Solano,9,,,178,33
GROSSMONT HIGH SCHOOL,El Cajon,San Diego,27,7,3,2079,558
GROVE HIGH SCHOOL,Redlands,San Bernardino,5,,,247,28
GUAJOME PARK ACADEMY,Vista,San Diego,9,,,1353,115
GUSTINE HIGH SCHOOL,Gustine,Merced,7,,,553,136
HALF MOON BAY HIGH SCHOOL,Half Moon Bay,San Mateo,46,7,4,987,272
HAMILTON UNION HIGH SCHOOL,Hamilton City,Glenn,8,,,293,69
HANFORD HIGH SCHOOL,Hanford,Kings,11,,,1494,351
HANFORD WEST HIGH SCHOOL,Hanford,Kings,21,5,,1336,299
HARBOR HIGH SCHOOL,Santa Cruz,Santa Cruz,35,7,,1040,275
HARMONY MAGNET ACADEMY,Strathmore,Tulare,15,5,,512,119
HAWTHORNE HIGH SCHOOL,Hawthorne,Los Angeles,31,,,1685,388
HAWTHORNE MATH & SCIENCE ACAD,Hawthorne,Los Angeles,33,6,,548,117
HAYFORK HIGH SCHOOL,Hayfork,Trinity,6,,,95,21
HAYWARD HIGH SCHOOL,Hayward,Alameda,40,,,1667,413
HAYWARD TWIN OAKS MONTESSORI,Hayward,Alameda,6,,,617,45
HEALDSBURG HIGH SCHOOL,Healdsburg,Sonoma,42,7,6,460,106
HEALTH CAREERS ACADEMY HS,Stockton,San Joaquin,30,3,3,404,92
HEALTH PROFESSIONS HIGH SCH,Sacramento,Sacramento,5,,,185,66
HEALTH SCIENCES HIGH/MID COLL,San Diego,San Diego,21,4,,528,127
HECTOR GODINEZ FUNDAMENTAL HS,Santa Ana,Orange,37,6,,1792,553
HELEN BERNSTEIN HIGH SCHOOL,Hollywood,Los Angeles,12,,,742,153
HELIX HIGH SCHOOL,La Mesa,San Diego,114,10,7,2544,599
HEMET HIGH SCHOOL,Hemet,Riverside,23,,,2402,574
HENRY J KAISER HIGH SCHOOL,Fontana,San Bernardino,32,8,5,1794,462
HENRY M GUNN SENIOR HIGH SCHL,Palo Alto,Santa Clara,261,40,18,1713,456
HENRY T GUNDERSON HIGH SCHOOL,San Jose,Santa Clara,25,3,,827,232
HERBERT HOOVER HIGH SCHOOL,Fresno,Fresno,28,,,2021,445
HERBERT HOOVER HIGH SCHOOL,Glendale,Los Angeles,44,,,1538,358
HERCULES HIGH SCHOOL,Hercules,Contra Costa,54,12,11,740,164
HERITAGE HIGH SCHOOL,Brentwood,Contra Costa,114,7,5,2641,675
HERITAGE HIGH SCHOOL,Menifee,Riverside,15,3,,2326,577
HERITAGE PEAK CHARTER SCHOOL,Rio Linda,Sacramento,7,,,1126,84
HESPERIA HIGH SCHOOL,Hesperia,San Bernardino,38,4,,2325,522
HIGH SCHOOL AT MOORPARK COLL,Moorpark,Ventura,10,,,101,25
HIGH TECH HIGH - NORTH COUNTY,San Marcos,San Diego,19,,,401,93
HIGH TECH HIGH CHULA VISTA,Chula Vista,San Diego,30,3,,1980,540
HIGH TECH HIGH INTERNATIONAL,San Diego,San Diego,18,4,3,487,139
HIGH TECH HIGH LA,Van Nuys,Los Angeles,24,,,1036,223
HIGH TECH HIGH MEDIA ARTS,San Diego,San Diego,23,6,3,384,92
HIGH TECH HIGH MESA,San Diego,San Diego,24,,,431,100
HIGH TECH HIGH SCHOOL,San Diego,San Diego,32,6,4,487,139
HIGHLAND HIGH SCHOOL,Bakersfield,Kern,27,,,2543,652
HIGHLAND HIGH SCHOOL,Palmdale,Los Angeles,39,4,,2778,764
HIGHLANDS HIGH SCHOOL,North Highlands,Sacramento,8,,,754,153
HILLCREST HIGH SCHOOL,Riverside,Riverside,27,4,3,1782,454
HILLSDALE HIGH SCHOOL,San Mateo,San Mateo,109,15,7,1581,417
HILLTOP HIGH SCHOOL,Chula Vista,San Diego,42,9,4,1841,491
HIRAM W JOHNSON HIGH SCHOOL,Sacramento,Sacramento,37,,,1627,432
HOLLISTER HIGH SCHOOL,Hollister,San Benito,62,6,4,3448,898
HOLLYWOOD HIGH SCHOOL,Los Angeles,Los Angeles,46,10,4,1052,278
HOLTVILLE HIGH SCHOOL,Holtville,Imperial,8,,,532,136
HOMESTEAD HIGH SCHOOL,Cupertino,Santa Clara,293,26,19,2262,596
HOOVER HIGH SCHOOL,San Diego,San Diego,62,13,4,2105,479
HUENEME HIGH SCHOOL,Oxnard,Ventura,21,3,,2080,522
HUGHSON HIGH SCHOOL,Hughson,Stanislaus,15,,,835,207
HUNTINGTON BEACH HIGH SCHOOL,Huntington Beach,Orange,114,22,13,2734,712
HUNTINGTON PARK HIGH SCHOOL,Huntington Park,Los Angeles,43,9,4,1431,331
HUNTINGTON PARK INST APPLD MEDICINE,Huntington Park,Los Angeles,20,7,,728,171
ICEF VIEW PARK PREPARATORY HIGH SCH,Los Angeles,Los Angeles,8,,,354,81
ILEAD EXPLORATION HYBRID,Acton,Los Angeles,10,4,,3551,174
IMPACT ACAD ARTS/TECHNOLOGY,Hayward,Alameda,33,5,,760,96
IMPERIAL HIGH SCHOOL,Imperial,Imperial,11,,,1378,294
INDEPENDENCE HIGH SCHOOL,Bakersfield,Kern,20,3,3,2334,579
INDEPENDENCE HIGH SCHOOL,Roseville,Placer,5,,,250,103
INDEPENDENCE HIGH SCHOOL,San Francisco,San Francisco,15,,,197,60
INDEPENDENCE HIGH SCHOOL,San Jose,Santa Clara,78,6,3,2368,628
INDERKUM HIGH SCHOOL,Sacramento,Sacramento,71,13,7,2242,577
INDIAN SPRINGS HIGH SCHOOL,San Bernardino,San Bernardino,37,5,,1829,386
INDIO HIGH SCHOOL,Indio,Riverside,28,6,3,2027,471
INGLEWOOD HIGH SCHOOL,Inglewood,Los Angeles,12,,,778,135
INSPIRE SCHOOL OF ARTS AND SCIENCES,Chico,Butte,5,,,357,89
INTERNATIONAL POLYTECHNIC HS,Pomona,Los Angeles,30,,,3954,958
INTERNATIONAL STUDIES LEARNING CTR,South Gate,Los Angeles,9,4,,,
INVICTUS ACADEMY OF RICHMOND,El Cerrito,Contra Costa,13,,,389,61
IRVINE HIGH SCHOOL,Irvine,Orange,175,14,8,1951,478
IRVINGTON HIGH SCHOOL,Fremont,Alameda,319,31,26,2161,546
JAMES A GARFIELD HIGH SCHOOL,Los Angeles,Los Angeles,61,11,5,2223,545
JAMES C ENOCHS HIGH SCHOOL,Modesto,Stanislaus,78,8,3,2369,607
JAMES LICK HIGH SCHOOL,San Jose,Santa Clara,15,4,,878,197
JAMES LOGAN HIGH SCHOOL,Union City,Alameda,174,19,14,3151,801
JAMES MONROE HIGH SCHOOL,North Hills,Los Angeles,59,,,1944,400
JEFFERSON HIGH SCHOOL,Daly City,San Mateo,48,3,,1071,266
JESSE M BETHEL HIGH SCHOOL,Vallejo,Solano,29,4,,1441,332
JOHANSEN HIGH SCHOOL,Modesto,Stanislaus,33,3,,2000,481
JOHN A ROWLAND HIGH SCHOOL,Rowland Heights,Los Angeles,77,11,5,1954,494
JOHN BURROUGHS HIGH SCHOOL,Burbank,Los Angeles,87,7,,2358,557
JOHN C FREMONT HIGH SCHOOL,Los Angeles,Los Angeles,35,6,,2002,465
JOHN C KIMBALL HIGH SCHOOL,Tracy,San Joaquin,72,5,3,1654,437
JOHN F KENNEDY HIGH SCHOOL,Fremont,Alameda,69,6,3,1273,333
JOHN F KENNEDY HIGH SCHOOL,Granada Hills,Los Angeles,65,7,3,2215,532
JOHN F KENNEDY HIGH SCHOOL,La Palma,Orange,45,4,3,2024,505
JOHN F KENNEDY HIGH SCHOOL,Richmond,Contra Costa,20,4,4,825,212
JOHN F KENNEDY HIGH SCHOOL,Sacramento,Sacramento,45,4,4,1888,566
JOHN F KENNEDY MIDDLE COLG HS,Norco,Riverside,44,5,4,689,170
JOHN GLENN HIGH SCHOOL,Norwalk,Los Angeles,15,3,,945,215
JOHN H PITMAN HIGH SCHOOL,Turlock,Stanislaus,47,6,3,1982,466
JOHN HENRY HIGH SCHOOL,Richmond,Contra Costa,19,3,3,285,68
JOHN MARSHALL FUNDAMENTAL SCH,Pasadena,Los Angeles,45,21,11,1848,245
JOHN MARSHALL HIGH SCHOOL,Los Angeles,Los Angeles,92,11,7,1903,438
JOHN MUIR HIGH SCHOOL,Pasadena,Los Angeles,30,4,,1133,272
JOHN O'CONNELL HIGH SCHOOL,San Francisco,San Francisco,6,,,483,106
JOHN RANCIS POLYTECHNIC HIGH SCHOOL,Sun Valley,Los Angeles,47,6,,2215,499
JOHN SWETT HIGH SCHOOL,Crockett,Contra Costa,14,,,375,91
JOHN W NORTH HIGH SCHOOL,Riverside,Riverside,43,10,4,2089,489
JORDAN HIGH SCHOOL,Long Beach,Los Angeles,40,3,,2207,458
JOSEPH A GREGORI HIGH SCHOOL,Modesto,Stanislaus,56,8,5,2414,674
JUAN RODRIGUEZ CABRILLO HS,Long Beach,Los Angeles,34,4,4,1721,435
JUNE JORDAN SCHOOL FOR EQUITY,San Francisco,San Francisco,5,,,206,51
JURUPA HILLS HIGH SCHOOL,Fontana,San Bernardino,24,3,,1737,373
JURUPA VALLEY HIGH SCHOOL,Jurupa Valley,Riverside,13,3,,1638,391
JUSTIN GARZA HIGH SCHOOL,Fresno,Fresno,23,4,,2073,431
KATELLA HIGH SCHOOL,Anaheim,Orange,48,,,2500,625
KEARNY COLLEGE CONNECTIONS,San Diego,San Diego,8,,,336,87
KEARNY DIGITAL MEDIA & DESIGN,San Diego,San Diego,7,,,341,84
KEARNY SCH BIOMED SCIENCE TECH,San Diego,San Diego,9,3,,335,99
KELSEYVILLE HIGH SCHOOL,Kelseyville,Lake,7,,,554,121
KERMAN HIGH SCHOOL,Kerman,Fresno,14,3,,1480,356
KING CITY JOINT UNION HS,King City,Monterey,15,3,,1200,299
KING DREW MAGNET HS MED/SCI,Los Angeles,Los Angeles,68,11,4,1359,304
KINGSBURG HIGH SCHOOL,Kingsburg,Fresno,15,4,,1101,258
KIPP ESPERANZA HIGH SCHOOL,East Palo Alto,San Mateo,14,,,241,72
KIPP KING COLLEGIATE HIGH SCH,San Lorenzo,Alameda,85,8,7,690,161
KIPP NAVIGATE COLLEGE PREP,San Jose,Santa Clara,24,,,310,59
KIPP SAN FRANCISCO COLG PREP,San Francisco,San Francisco,15,,,260,85
KIPP SAN JOSE COLLEGIATE,San Jose,Santa Clara,55,5,4,501,130
LA CANADA HIGH SCHOOL,La Canada,Los Angeles,170,21,7,2026,356
LA CENTER ENRICHED STUDIES,Los Angeles,Los Angeles,81,17,,1387,205
LA COSTA CANYON HIGH SCHOOL,Carlsbad,San Diego,51,6,4,1768,497
LA HABRA HIGH SCHOOL,La Habra,Orange,28,5,,1977,476
LA JOLLA HIGH,La Jolla,San Diego,118,22,10,1213,324
LA MIRADA HIGH SCHOOL,La Mirada,Los Angeles,40,4,,1748,396
LA PUENTE HIGH SCHOOL,La Puente,Los Angeles,14,,,865,210
LA QUINTA HIGH SCHOOL,La Quinta,Riverside,41,8,3,2488,563
LA QUINTA HIGH SCHOOL,Westminster,Orange,108,14,6,2065,528
LA SERNA HIGH SCHOOL,Whittier,Los Angeles,55,7,4,2385,599
LA SIERRA HIGH SCHOOL,Riverside,Riverside,25,4,,1461,345
LAGUNA BEACH HIGH SCHOOL,Laguna Beach,Orange,62,13,10,883,252
LAGUNA CREEK HIGH SCHOOL,Elk Grove,Sacramento,58,3,,2119,558
LAGUNA HILLS HIGH SCHOOL,Laguna Hills,Orange,49,7,,1401,356
LAKE BALBOA COLLEGE PREP K-12,Van Nuys,Los Angeles,13,4,,586,40
LAKESIDE HIGH SCHOOL,Lake Elsinore,Riverside,11,,,1657,357
LAKEWOOD HIGH SCHOOL,Lakewood,Los Angeles,47,3,,2580,660
LANCASTER HIGH SCHOOL,Lancaster,Los Angeles,27,4,,2697,653
LARCHMONT CHARTER SCHOOL,Los Angeles,Los Angeles,51,7,,1631,132
LAS LOMAS HIGH SCHOOL,Walnut Creek,Contra Costa,149,19,11,1568,385
LAS PLUMAS HIGH SCHOOL,Oroville,Butte,11,,,1299,315
LASSEN HIGH SCHOOL,Susanville,Lassen,5,,,805,183
LATHROP HIGH SCHOOL,Lathrop,San Joaquin,37,,,1509,404
LATINO COLLEGE PREP ACADEMY,San Jose,Santa Clara,25,4,,410,102
LATITUDE 37.8 HS MERRITT COLLEGE,Oakland,Alameda,23,3,,350,53
LAWNDALE HIGH SCHOOL,Lawndale,Los Angeles,44,10,4,1680,430
LE GRAND UNION HIGH SCHOOL,Le Grand,Merced,20,3,,462,103
LEADERSHIP PUBLIC SCH HAYWARD,Hayward,Alameda,45,6,6,557,146
LEADERSHIP PUBLIC SCH RICHMOND,Richmond,Contra Costa,31,7,3,525,127
LEGACY COLLEGE PREPARATORY,Santa Ana,Orange,25,,,905,75
LEGACY MAGNET ACADEMY,Tustin,Orange,46,7,,905,75
LEIGH HIGH SCHOOL,San Jose,Santa Clara,182,11,8,1816,427
LELAND HIGH SCHOOL,San Jose,Santa Clara,189,31,24,1519,384
LEMOORE MIDDLE COLLEGE HIGH SC,Lemoore,Kings,11,,,251,49
LEMOORE UNION HIGH SCHOOL,Lemoore,Kings,21,,,1825,401
LENNOX MATH SCIENCE TECH ACAD,Inglewood,Los Angeles,32,3,,583,142
LEROY GREENE ACADEMY,Sacramento,Sacramento,16,,,740,83
LEUZINGER HIGH SCHOOL,Lawndale,Los Angeles,46,3,,1924,498
LIBERTY HIGH SCHOOL,Bakersfield,Kern,40,7,3,2355,598
LIBERTY HIGH SCHOOL,Brentwood,Contra Costa,62,6,4,2773,687
LIBERTY HIGH SCHOOL,Madera,Madera,13,,,700,160
LIBERTY HIGH SCHOOL,Winchester,Riverside,32,5,,2444,450
LIBERTY RANCH HIGH SCHOOL,Galt,Sacramento,11,,,943,255
LIBRA ACADEMY AT LINDA MARQUEZ HS,Huntington Park,Los Angeles,22,8,3,644,151
LIFE ACADEMY HIGH SCHOOL,Oakland,Alameda,19,4,4,441,65
LIFELINE EDUCATION CHARTER SCH,Compton,Los Angeles,8,,,691,47
LIGHTHOUSE COMMUNITY CHAR HS,Oakland,Alameda,29,,,302,76
LINCOLN HIGH SCHOOL,Lincoln,Placer,13,,,1192,298
LINCOLN HIGH SCHOOL,San Diego,San Diego,33,5,,1480,374
LINCOLN HIGH SCHOOL,Stockton,San Joaquin,66,7,3,2891,703
LINDA MARQUEZ HS-SOCIAL JUSTICE,Huntington Park,Los Angeles,16,4,,591,132
LINDEN HIGH SCHOOL,Linden,San Joaquin,12,,,720,161
LINDHURST HIGH SCHOOL,Olivehurst,Yuba,14,3,3,1214,232
LINDSAY HIGH SCHOOL,Lindsay,Tulare,29,7,3,1109,253
LITTLEROCK HIGH SCHOOL,Littlerock,Los Angeles,10,,,1526,369
LIVE OAK HIGH SCHOOL,Live Oak,Sutter,10,,,591,142
LIVE OAK HIGH SCHOOL,Morgan Hill,Santa Clara,36,7,5,1111,248
LIVERMORE HIGH SCHOOL,Livermore,Alameda,67,8,5,1803,446
LIVINGSTON HIGH SCHOOL,Livingston,Merced,26,8,4,1141,268
LOARA HIGH SCHOOL,Anaheim,Orange,21,3,,1565,398
LODESTAR LIGHTHOUSE COMM CHARTER SC,Oakland,Alameda,15,,,739,52
LODI HIGH SCHOOL,Lodi,San Joaquin,25,9,4,1990,485
LOMPOC HIGH SCHOOL,Lompoc,Santa Barbara,24,5,,1649,373
LONG BEACH POLYTECHNIC HS,Long Beach,Los Angeles,165,37,20,3954,958
LOS ALAMITOS HIGH SCHOOL,Los Alamitos,Orange,139,23,9,3005,778
LOS ALTOS HIGH SCHOOL,Hacienda Heights,Los Angeles,31,3,3,1574,414
LOS ALTOS HIGH SCHOOL,Los Altos,Santa Clara,241,32,19,2114,505
LOS AMIGOS HIGH SCHOOL,Fountain Valley,Orange,36,7,,1437,358
LOS ANGELES COUNTY HS FOR THE ARTS,Los Angeles,Los Angeles,38,9,,551,136
LOS ANGELES HS OF THE ARTS,Los Angeles,Los Angeles,22,4,3,435,85
LOS ANGELES LEADERSHIP ACAD HS,Los Angeles,Los Angeles,8,,,349,47
LOS ANGELES SCHOOL GLOBAL STUDIES,Los Angeles,Los Angeles,6,,,310,50
LOS ANGELES SENIOR HIGH SCHOOL,Los Angeles,Los Angeles,38,7,,1036,223
LOS BANOS HIGH SCHOOL,Los Banos,Merced,27,5,,1543,364
LOS GATOS HIGH SCHOOL,Los Gatos,Santa Clara,207,18,14,1977,528
LOS OSOS HIGH SCHOOL,Rancho Cucamonga,San Bernardino,127,15,9,2759,739
LOWELL HIGH SCHOOL,San Francisco,San Francisco,363,42,29,2540,660
LOWER LAKE HIGH SCHOOL,Lower Lake,Lake,9,,,931,178
LPS OAKLAND R&D CAMPUS,Oakland,Alameda,5,,,218,72
LUIS VALDEZ LEADERSHIP ACADEMY,San Jose,Santa Clara,9,,,234,50
LUTHER BURBANK HIGH SCHOOL,Sacramento,Sacramento,37,,,1574,425
LYNBROOK HIGH SCHOOL,San Jose,Santa Clara,314,34,25,1720,448
LYNWOOD HIGH SCHOOL,Lynwood,Los Angeles,29,,,1882,409
M C LEARNING COMPLX-SCH OF BUS&TRSM,Los Angeles,Los Angeles,7,,,,
MADERA HIGH SCHOOL,Madera,Madera,32,7,5,1865,410
MADERA SOUTH HIGH SCHOOL,Madera,Madera,29,4,3,1855,438
MADISON HIGH SCHOOL,San Diego,San Diego,14,,,848,192
MADISON PARK ACADEMY,Oakland,Alameda,18,,,664,92
MAGNOLIA HIGH SCHOOL,Anaheim,Orange,34,5,,1662,424
MAGNOLIA SCIENCE ACADEMY - 1 RESEDA,Reseda,Los Angeles,19,4,,,
MAGNOLIA SCIENCE ACADEMY 2 VALLEY,Van Nuys,Los Angeles,16,8,6,532,44
MAGNOLIA SCIENCE ACADEMY-SANTA ANA,Santa Ana,Orange,17,5,5,504,36
MAKING WAVES ACADEMY,Richmond,Contra Costa,49,9,4,1103,77
MALIBU HIGH SCHOOL,Malibu,Los Angeles,25,9,5,390,102
MAMMOTH HIGH SCHOOL,Mammoth Lakes,Mono,9,,,351,88
MANTECA HIGH SCHOOL,Manteca,San Joaquin,35,4,,1858,470
MANUAL ARTS SENIOR HIGH SCHOOL,Los Angeles,Los Angeles,23,4,,1039,230
MAR VISTA HIGH SCHOOL,Imperial Beach,San Diego,22,3,,1266,322
MARCO ANTONIO FIREBAUGH HS,Lynwood,Los Angeles,42,6,,1581,325
MARE ISLAND TECHNOLOGY ACADEMY,Vallejo,Solano,16,,,,
MARIA CARRILLO HIGH SCHOOL,Santa Rosa,Sonoma,57,6,3,1585,403
MARINA HIGH SCHOOL,Huntington Beach,Orange,68,10,,2007,436
MARINA HIGH SCHOOL,Marina,Monterey,11,,,725,186
MARIPOSA COUNTY HIGH SCHOOL,Mariposa,Mariposa,5,,,457,87
MARK KEPPEL HIGH SCHOOL,Alhambra,Los Angeles,143,18,11,2178,543
MARTIN LUTHER KING HIGH SCHOOL,Riverside,Riverside,63,11,6,2813,709
MARYSVILLE CHARTER ACAD ARTS,Marysville,Yuba,9,3,,371,60
MARYSVILLE HIGH SCHOOL,Marysville,Yuba,10,,,1067,197
MATH AND SCIENCE COLLEGE PREP,Los Angeles,Los Angeles,17,,,534,121
MATH SCIENCE TECHNOLOGY MAGNET,Los Angeles,Los Angeles,20,8,5,534,121
MATILDA TORRES HIGH SCHOOL,Madera,Madera,62,10,5,2057,490
MAYFAIR HIGH SCHOOL,Lakewood,Los Angeles,25,,,2457,397
MAYWOOD ACADEMY HIGH SCHOOL,Maywood,Los Angeles,10,,,956,162
MAYWOOD CTR ENRICHED STUDIES,Maywood,Los Angeles,28,8,,1128,204
MCCLYMONDS HIGH SCHOOL,Oakland,Alameda,11,,,265,71
MCFARLAND HIGH SCHOOL,Mcfarland,Kern,16,,,14,10
MCKINLEYVILLE HIGH SCHOOL,Mckinleyville,Humboldt,5,,,549,122
MCLANE HIGH SCHOOL,Fresno,Fresno,62,6,4,2045,444
MENDOCINO HIGH SCHOOL,Mendocino,Mendocino,15,6,,152,34
MENDOTA HIGH SCHOOL,Mendota,Fresno,18,4,,1085,267
MENLO ATHERTON HIGH SCHOOL,Atherton,San Mateo,173,23,10,2152,570
MERCED HIGH SCHOOL,Merced,Merced,37,3,,1951,454
MERRILL F WEST HIGH SCHOOL,Tracy,San Joaquin,51,6,5,2066,560
MERVYN M DYMALLY HIGH SCHOOL,Los Angeles,Los Angeles,13,,,720,149
MESA VERDE HIGH SCHOOL,Citrus Heights,Sacramento,15,,,881,204
MET SACRAMENTO HIGH SCHOOL,Sacramento,Sacramento,7,,,221,46
METWEST HIGH SCHOOL,Oakland,Alameda,17,,,237,68
MIDDLE COLLEGE HIGH SCHOOL,Los Angeles,Los Angeles,14,3,,353,87
MIDDLE COLLEGE HIGH SCHOOL,San Bernardino,San Bernardino,33,5,4,258,48
MIDDLE COLLEGE HIGH SCHOOL,San Pablo,Contra Costa,50,10,9,283,60
MIDDLE COLLEGE HIGH SCHOOL,Santa Ana,Orange,37,5,,407,90
MIDDLE COLLEGE HIGH SCHOOL,Stockton,San Joaquin,42,10,6,338,82
MIDDLETOWN HIGH SCHOOL,Middletown,Lake,6,,,406,91
MILLENNIUM HIGH SCHOOL,Tracy,San Joaquin,23,,,484,127
MILLS HIGH SCHOOL,Millbrae,San Mateo,127,17,8,1119,291
MILPITAS HIGH SCHOOL,Milpitas,Santa Clara,215,19,14,3029,806
MILPITAS MIDDLE COLLEGE HS,Milpitas,Santa Clara,9,,,39,26
MIRA COSTA HIGH SCHOOL,Manhattan Beach,Los Angeles,271,47,27,2568,647
MIRA LOMA HIGH SCHOOL,Sacramento,Sacramento,101,28,21,1632,417
MIRA MESA HIGH SCHOOL,San Diego,San Diego,74,15,11,2228,582
MIRA MONTE HIGH SCHOOL,Bakersfield,Kern,24,3,,2170,686
MIRAMONTE HIGH SCHOOL,Orinda,Contra Costa,157,16,4,1188,290
MISSION BAY HIGH,San Diego,San Diego,57,5,5,1166,262
MISSION EARLY COLLEGE HIGH SCH,Santa Clara,Santa Clara,23,,,189,39
MISSION HILLS HIGH SCHOOL,San Marcos,San Diego,93,6,3,2834,693
MISSION OAK HIGH SCHOOL,Tulare,Tulare,21,6,,1741,429
MISSION SAN JOSE HIGH SCHOOL,Fremont,Alameda,316,43,28,1822,475
MISSION SENIOR HIGH SCHOOL,San Francisco,San Francisco,76,34,25,1084,268
MISSION VIEJO HIGH SCHOOL,Mission Viejo,Orange,46,5,3,1628,407
MISSION VISTA ACADEMY,Corona,Riverside,8,,,5686,169
MISSION VISTA HIGH SCHOOL,Oceanside,San Diego,63,5,3,1662,362
MODESTO HIGH SCHOOL,Modesto,Stanislaus,43,7,3,2405,637
MONACHE HIGH SCHOOL,Porterville,Tulare,28,3,,1934,442
MONROVIA HIGH SCHOOL,Monrovia,Los Angeles,37,3,3,1479,349
MONTA VISTA HIGH SCHOOL,Cupertino,Santa Clara,321,33,25,1636,421
MONTCLAIR HIGH SCHOOL,Montclair,San Bernardino,30,3,,2605,652
MONTE VISTA HIGH SCHOOL,Danville,Contra Costa,225,28,20,2168,569
MONTE VISTA HIGH SCHOOL,Spring Valley,San Diego,22,4,,1537,410
MONTEBELLO HIGH SCHOOL,Montebello,Los Angeles,41,6,,2007,572
MONTEREY HIGH SCHOOL,Monterey,Monterey,48,8,5,1326,296
MONTEREY TRAIL HIGH SCHOOL,Elk Grove,Sacramento,72,3,,2298,584
MONTGOMERY HIGH SCHOOL,San Diego,San Diego,42,6,5,1658,473
MONTGOMERY HIGH SCHOOL,Santa Rosa,Sonoma,29,5,3,1433,339
MOORPARK HIGH SCHOOL,Moorpark,Ventura,45,,,1821,456
MORENO VALLEY HIGH SCHOOL,Moreno Valley,Riverside,34,4,,2143,503
MORNINGSIDE HIGH SCHOOL,Inglewood,Los Angeles,14,3,,483,112
MORRO BAY HIGH SCHOOL,Morro Bay,San Luis Obispo,26,3,,773,184
MORSE HIGH SCHOOL,San Diego,San Diego,34,6,,1614,413
MOUNT CARMEL HIGH SCHOOL,San Diego,San Diego,91,,,1831,467
MOUNT DIABLO HIGH SCHOOL,Concord,Contra Costa,24,,,1477,431
MOUNT EDEN HIGH SCHOOL,Hayward,Alameda,69,7,3,1892,453
MOUNT EVEREST ACADEMY,San Diego,San Diego,12,3,,205,30
MOUNT MIGUEL HIGH SCHOOL,Spring Valley,San Diego,31,5,,1506,420
MOUNT PLEASANT HIGH SCHOOL,San Jose,Santa Clara,26,4,4,1109,305
MOUNT SAC EARLY COLLEGE ACADEMY,West Covina,Los Angeles,19,,,263,90
MOUNT SHASTA HIGH SCHOOL,Mount Shasta,Siskiyou,5,,,262,60
MOUNT WHITNEY HIGH SCHOOL,Visalia,Tulare,18,,,1629,333
MOUNTAIN HOUSE HIGH SCHOOL,Mountain House,San Joaquin,262,30,22,2275,482
MOUNTAIN VIEW HIGH SCHOOL,El Monte,Los Angeles,24,5,5,1192,326
MOUNTAIN VIEW HIGH SCHOOL,Mountain View,Santa Clara,251,30,20,2202,603
MURRIETA MESA HIGH SCHOOL,Murrieta,Riverside,31,4,,2228,593
MURRIETA VALLEY HIGH SCHOOL,Murrieta,Riverside,34,5,,2173,552
NAPA HIGH SCHOOL,Napa,Napa,34,7,5,1757,482
NATHANIEL NARBONNE HIGH SCHOOL,Harbor City,Los Angeles,54,5,,1667,411
NATOMAS CHARTER SCHOOL,Sacramento,Sacramento,23,4,4,1863,139
NATOMAS HIGH SCHOOL,Sacramento,Sacramento,25,,,1863,139
NATOMAS PACIFIC PATHWAYS PREP,Sacramento,Sacramento,34,6,3,623,150
NAVA COLLEGE PREP ACADEMY,Los Angeles,Los Angeles,26,4,,613,98
NEVADA UNION HIGH SCHOOL,Grass Valley,Nevada,19,,,1457,282
NEW DESIGNS CHARTER SCHOOL,Los Angeles,Los Angeles,11,,,797,82
NEW OPEN WORLD ACADEMY,Los Angeles,Los Angeles,15,,,935,82
NEW TECHNOLOGY HIGH SCHOOL,Napa,Napa,11,,,364,100
NEW WEST CHARTER SCHOOL,Los Angeles,Los Angeles,69,7,4,998,136
NEWARK MEMORIAL HIGH SCHOOL,Newark,Alameda,64,11,8,1407,364
NEWBURY PARK HIGH SCHOOL,Newbury Park,Ventura,80,11,5,2080,565
NEWPORT HARBOR HIGH SCHOOL,Newport Beach,Orange,66,8,3,2217,586
NIPOMO HIGH SCHOOL,Nipomo,San Luis Obispo,7,,,867,204
NOGALES HIGH SCHOOL,La Puente,Los Angeles,31,3,,1608,417
NORCO HIGH SCHOOL,Norco,Riverside,9,,,2026,477
NORDHOFF HIGH SCHOOL,Ojai,Ventura,17,,,620,163
NORTE VISTA SENIOR HIGH SCHOOL,Riverside,Riverside,19,6,4,1905,472
NORTH HIGH SCHOOL,Bakersfield,Kern,10,,,2148,488
NORTH HIGH SCHOOL,Torrance,Los Angeles,62,12,4,1811,457
NORTH HOLLYWOOD HIGH SCHOOL,North Hollywood,Los Angeles,138,25,10,2482,632
NORTH MONTEREY COUNTY HIGH SCH,Castroville,Monterey,29,5,,1284,314
NORTH SALINAS HIGH SCHOOL,Salinas,Monterey,51,8,4,2125,503
NORTH TAHOE HIGH SCHOOL,Tahoe City,Placer,20,3,,491,126
NORTHCOAST PREPARATORY ACADEMY,Arcata,Humboldt,7,,,130,14
NORTHGATE HIGH SCHOOL,Walnut Creek,Contra Costa,119,13,8,1535,374
NORTHRIDGE ACADEMY HIGH SCHOOL,Northridge,Los Angeles,14,,,916,212
NORTHVIEW HIGH SCHOOL,Covina,Los Angeles,21,3,,1264,310
NORTHWOOD HIGH SCHOOL,Irvine,Orange,287,34,12,2310,574
NORTON SCIENCE & LANGUAGE ACADEMY,San Bernardino,San Bernardino,5,,,,
NORWALK HIGH SCHOOL,Norwalk,Los Angeles,35,,,1980,446
NOVA ACADEMY EARLY COLLEGE HS,Santa Ana,Orange,10,,,288,49
NOVATO HIGH SCHOOL,Novato,Marin,54,10,5,1393,374
NUVIEW BRIDGE EARLY COLLEGE HS,Nuevo,Riverside,7,,,675,133
OAK GROVE HIGH SCHOOL,San Jose,Santa Clara,53,3,3,1417,389
OAK HILLS HIGH SCHOOL,Oak Hills,San Bernardino,27,5,,2513,617
OAK PARK HIGH SCHOOL,Oak Park,Ventura,123,8,4,1410,323
OAK PARK INDEPENDENT SCH,Oak Park,Ventura,7,,,193,43
OAK RIDGE HIGH SCHOOL,El Dorado Hills,El Dorado,121,15,12,2375,629
OAKDALE HIGH SCHOOL,Oakdale,Stanislaus,13,,,1607,375
OAKLAND CHARTER HIGH SCHOOL,Oakland,Alameda,37,13,8,1813,456
OAKLAND HIGH SCHOOL,Oakland,Alameda,92,14,8,1813,456
OAKLAND INTERNATIONAL HIGH SCH,Oakland,Alameda,15,,,1813,456
OAKLAND MILITARY INST COL PREP,Oakland,Alameda,19,,,518,65
OAKLAND SCHOOL FOR THE ARTS,Oakland,Alameda,26,3,,780,95
OAKLAND TECHNICAL HIGH SCHOOL,Oakland,Alameda,190,27,12,1813,456
OAKLAND UNITY HIGH SCHOOL,Oakland,Alameda,23,,,304,80
OAKMONT HIGH SCHOOL,Roseville,Placer,35,6,5,1323,327
OCEAN GROVE CHARTER SCHOOL,Placerville,El Dorado,7,,,,
OCEAN VIEW HIGH SCHOOL,Huntington Beach,Orange,24,4,,1216,309
OCEANA HIGH SCHOOL,Pacifica,San Mateo,53,7,3,491,122
OCEANSIDE HIGH SCHOOL,Oceanside,San Diego,36,4,,1828,401
ODYSSEY STEM ACADEMY,Lakewood,Los Angeles,30,,,388,110
OFARRELL CHARTER SCHOOL,San Diego,San Diego,25,,,1819,122
OLYMPIAN HIGH SCHOOL,Chula Vista,San Diego,89,6,4,2324,603
ONTARIO HIGH SCHOOL,Ontario,San Bernardino,33,3,,2121,554
OPTIONS FOR YOUTH - ACTON-FONTANA 2,Fontana,San Bernardino,7,,,,
OPTIONS FOR YOUTH DUARTE - PASADENA,Pasadena,Los Angeles,12,,,3385,529
ORANGE COUNTY HS OF THE ARTS,Santa Ana,Orange,192,44,21,2288,397
ORANGE COVE HIGH SCHOOL,Orange Cove,Fresno,9,3,,631,110
ORANGE GLEN HIGH SCHOOL,Escondido,San Diego,31,7,5,1871,459
ORANGE HIGH SCHOOL,Orange,Orange,12,,,1748,399
ORANGE VISTA HIGH SCHOOL,Perris,Riverside,55,10,,2474,644
ORCUTT ACADEMY CHARTER HIGH SCHOOL,Orcutt,Santa Barbara,22,4,,778,124
ORESTIMBA HIGH SCHOOL,Newman,Stanislaus,18,,,1002,232
ORLAND HIGH SCHOOL,Orland,Glenn,11,,,806,206
OROSI HIGH SCHOOL,Orosi,Tulare,11,,,1084,238
OROVILLE HIGH SCHOOL,Oroville,Butte,11,,,870,214
ORTHOPAEDIC HOSPITAL MAGNET HS,Los Angeles,Los Angeles,29,6,4,679,170
OSCAR DE LA HOYA ANIMO CHARTER,Los Angeles,Los Angeles,22,5,,550,128
OTAY RANCH HIGH SCHOOL,Chula Vista,San Diego,87,11,7,2546,652
OXFORD ACADEMY,Cypress,Orange,120,17,6,1293,194
OXFORD DAY ACADEMY,East Palo Alto,San Mateo,6,,,105,42
OXNARD HIGH SCHOOL,Oxnard,Ventura,47,5,,2593,689
OXNARD MIDDLE COLLEGE HIGH SCH,Oxnard,Ventura,17,,,195,45
PACHECO HIGH SCHOOL,Los Banos,Merced,37,4,,1786,456
PACIFIC COAST ACADEMY,Poway,San Diego,6,,,5612,125
PACIFIC COLLEGIATE SCHOOL,Santa Cruz,Santa Cruz,36,10,7,540,84
PACIFIC GROVE HIGH SCHOOL,Pacific Grove,Monterey,42,6,3,520,115
PACIFIC HIGH SCHOOL,San Bernardino,San Bernardino,27,3,,1222,274
PACIFIC LAW ACADEMY,Stockton,San Joaquin,8,,,198,48
PACIFICA HIGH SCHOOL,Garden Grove,Orange,45,,,1640,433
PACIFICA HIGH SCHOOL,Oxnard,Ventura,44,10,7,2928,769
PAJARO VALLEY HS,Watsonville,Santa Cruz,34,5,,1428,325
PALISADES CHARTER HIGH SCHOOL,Pacific Palisades,Los Angeles,265,38,16,2991,765
PALM DESERT HIGH SCHOOL,Palm Desert,Riverside,54,11,5,2039,474
PALM SPRINGS HIGH SCHOOL,Palm Springs,Riverside,31,4,,1508,369
PALMDALE ACADEMY CHARTER,Palmdale,Los Angeles,16,,,2358,664
PALMDALE AEROSPACE ACADEMY,Palmdale,Los Angeles,31,6,,2213,199
PALMDALE HIGH SCHOOL,Palmdale,Los Angeles,22,3,,2358,664
PALO ALTO SENIOR HIGH SCHOOL,Palo Alto,Santa Clara,285,41,26,1932,520
PALOMA VALLEY HIGH SCHOOL,Menifee,Riverside,26,5,3,2593,676
PALOS VERDES HIGH SCHOOL,Palos Verdes Estate,Los Angeles,117,25,12,1419,367
PALOS VERDES PENINSULA HS,Rolling Hills Estat,Los Angeles,236,42,25,2175,561
PANORAMA HIGH SCHOOL,Panorama City,Los Angeles,26,11,8,1420,364
PARADISE HIGH SCHOOL,Paradise,Butte,6,,,506,117
PARAMOUNT HIGH SCHOOL,Paramount,Los Angeles,75,7,,3547,958
PARLIER HIGH SCHOOL,Parlier,Fresno,15,,,928,246
PASADENA HIGH SCHOOL,Pasadena,Los Angeles,62,13,5,1355,338
PASO ROBLES HIGH SCHOOL,Paso Robles,San Luis Obispo,27,5,,2037,460
PATRICK HENRY HIGH SCHOOL,San Diego,San Diego,109,4,,2512,571
PATRIOT HIGH SCHOOL,Jurupa Valley,Riverside,32,4,,2482,605
PATTERSON HIGH SCHOOL,Patterson,Stanislaus,33,7,3,1855,425
PERFORMING ARTS COMMUNITY SCHO,Los Angeles,Los Angeles,21,3,,514,98
PERRIS HIGH SCHOOL,Perris,Riverside,7,3,,2106,497
PETALUMA HIGH SCHOOL,Petaluma,Sonoma,55,3,,1253,315
PHILLIP & SALA BURTON ACAD HS,San Francisco,San Francisco,79,4,,1031,236
PHINEAS BANNING HIGH SCHOOL,Wilmington,Los Angeles,48,4,,2437,538
PIEDMONT HIGH SCHOOL,Piedmont,Alameda,116,17,10,730,190
PIEDMONT HILLS HIGH SCHOOL,San Jose,Santa Clara,150,15,8,1945,454
PIERCE HIGH SCHOOL,Arbuckle,Colusa,10,,,503,137
PINER HIGH SCHOOL,Santa Rosa,Sonoma,22,,,1384,324
PINOLE VALLEY HIGH SCHOOL,Pinole,Contra Costa,59,6,4,1292,294
PIONEER HIGH SCHOOL,San Jose,Santa Clara,99,17,13,1469,362
PIONEER HIGH SCHOOL,Whittier,Los Angeles,33,5,,1072,276
PIONEER HIGH SCHOOL,Woodland,Yolo,36,6,,1635,397
PIONEER VALLEY HIGH SCHOOL,Santa Maria,Santa Barbara,51,11,4,3112,750
PITTSBURG HIGH SCHOOL,Pittsburg,Contra Costa,93,13,10,3532,926
PLACER HIGH SCHOOL,Auburn,Placer,13,,,1303,337
PLEASANT GROVE HIGH SCHOOL,Elk Grove,Sacramento,99,4,,2512,589
PLEASANT VALLEY SR HIGH SCHOOL,Chico,Butte,21,3,,1922,432
POINT LOMA HIGH SCHOOL,San Diego,San Diego,86,7,3,1682,384
POMONA HIGH SCHOOL,Pomona,Los Angeles,11,,,1105,272
PONDEROSA HIGH SCHOOL,Shingle Springs,El Dorado,26,,,1689,423
PORT OF LOS ANGELES HS,San Pedro,Los Angeles,27,,,928,208
PORTERVILLE HIGH SCHOOL,Porterville,Tulare,16,3,,2136,488
PORTOLA HIGH SCHOOL,Irvine,Orange,288,30,11,2503,586
PORTOLA JUNIOR SENIOR HIGH SCHOOL,Portola,Plumas,6,,,279,53
POWAY HIGH SCHOOL,Poway,San Diego,71,7,3,2161,530
POWAY TO PALOMAR MIDDLE COLLEGE,San Diego,San Diego,9,,,81,41
PREUSS SCHOOL UCSD,La Jolla,San Diego,49,12,5,849,116
PROSPECT HIGH SCHOOL,Saratoga,Santa Clara,94,13,10,1492,380
PUBLIC SAFETY ACADEMY,Fairfield,Solano,7,,,739,61
PUBLIC SERVICE COMMUNITY SCHOO,Los Angeles,Los Angeles,15,3,,502,105
PUC CALS MIDDLE AND EARLY COLL,Los Angeles,Los Angeles,7,,,307,56
PUC COMMUNITY CHARTER EARLY COLL HS,Sylmar,Los Angeles,17,3,,777,87
PUC EARLY COLG ACADEMY LEADERS,Los Angeles,Los Angeles,5,,,215,50
PUC LAKEVIEW CHARTER HIGH SCHL,Sylmar,Los Angeles,23,,,440,81
PUC TRIUMPH CHARTER ACADEMY HS,Sylmar,Los Angeles,5,,,802,97
QUARTZ HILL HIGH SCHOOL,Quartz Hill,Los Angeles,82,12,8,3170,818
QUINCY JUNIOR SENIOR HIGH SCHOOL,Quincy,Plumas,6,,,317,47
RAMONA HIGH SCHOOL,Ramona,San Diego,14,,,1482,363
RAMONA HIGH SCHOOL,Riverside,Riverside,47,5,,2190,542
RANCHO ALAMITOS HIGH SCHOOL,Garden Grove,Orange,28,4,3,1520,409
RANCHO BERNARDO HIGH SCHOOL,San Diego,San Diego,104,8,6,2278,596
RANCHO BUENA VISTA HIGH SCHOOL,Vista,San Diego,43,4,,1962,402
RANCHO CAMPANA HIGH SCHOOL,Camarillo,Ventura,48,9,4,845,197
RANCHO COTATE HIGH SCHOOL,Rohnert Park,Sonoma,29,,,1674,365
RANCHO CUCAMONGA HIGH SCHOOL,Rancho Cucamonga,San Bernardino,94,14,5,3343,869
RANCHO DOMINGUEZ PREP SCHOOL,Long Beach,Los Angeles,12,,,707,134
RANCHO MIRAGE HIGH SCHOOL,Rancho Mirage,Riverside,22,3,,1464,355
RANCHO SAN JUAN HIGH SCHOOL,Salinas,Monterey,66,20,8,1658,408
RANCHO VERDE HIGH SCHOOL,Moreno Valley,Riverside,41,,,2052,480
RAOUL WALLENBERG TRADITIONAL,San Francisco,San Francisco,49,8,4,551,143
RED BLUFF HIGH SCHOOL,Red Bluff,Tehama,16,3,3,1584,366
REDLANDS EAST VALLEY HS,Redlands,San Bernardino,32,4,,1866,444
REDLANDS HIGH SCHOOL,Redlands,San Bernardino,83,19,8,2219,544
REDONDO UNION HIGH SCHOOL,Redondo Beach,Los Angeles,166,23,16,2971,780
REDWOOD HIGH SCHOOL,Larkspur,Marin,193,26,16,1785,472
REDWOOD HIGH SCHOOL,Visalia,Tulare,44,9,,2468,545
REEDLEY HIGH SCHOOL,Reedley,Fresno,34,5,4,1750,357
REEDLEY MIDDLE COLLEGE HS,Reedley,Fresno,14,3,,247,53
RENAISSANCE ARTS ACADEMY,Los Angeles,Los Angeles,17,4,,462,27
RENAISSANCE HIGH SCHOOL ARTS,Long Beach,Los Angeles,7,3,,462,27
RESEDA HIGH SCHOOL,Reseda,Los Angeles,40,12,5,1354,303
REX & MARGARET FORTUNE ECHS,Elk Grove,Sacramento,5,,,1747,38
RIALTO HIGH SCHOOL,Rialto,San Bernardino,26,4,,2747,678
RICHARD GAHR HIGH SCHOOL,Cerritos,Los Angeles,44,,,1590,369
RICHMOND HIGH SCHOOL,Richmond,Contra Costa,56,10,8,1341,325
RIDGEVIEW HIGH SCHOOL,Bakersfield,Kern,53,4,3,2653,769
RIM OF THE WORLD HIGH SCHOOL,Lake Arrowhead,San Bernardino,12,,,897,196
RIO AMERICANO HIGH SCHOOL,Sacramento,Sacramento,70,8,4,1867,484
RIO LINDA SENIOR HIGH SCHOOL,Rio Linda,Sacramento,28,,,1596,369
RIO MESA HIGH SCHOOL,Oxnard,Ventura,14,4,,2078,543
RIO VISTA HIGH SCHOOL,Rio Vista,Solano,6,,,,
RIPON HIGH SCHOOL,Ripon,San Joaquin,22,,,1048,252
RISE KOHYANG HIGH SCHOOL,Los Angeles,Los Angeles,36,3,,470,98
RIVER CITY HIGH SCHOOL,West Sacramento,Yolo,66,3,,2209,577
RIVER SPRINGS CHARTER SCHOOL,Temecula,Riverside,7,,,7548,209
RIVER VALLEY HIGH SCHOOL,Yuba City,Sutter,36,7,4,1676,411
RIVERBANK HIGH SCHOOL,Riverbank,Stanislaus,11,,,788,207
RIVERDALE HIGH SCHOOL,Riverdale,Fresno,5,,,525,131
RIVERSIDE POLY HIGH SCHOOL,Riverside,Riverside,42,10,5,,
RIVERSIDE PREPARATORY,Oro Grande,San Bernardino,13,,,2401,171
RIVERSIDE STEM ACADEMY,Riverside,Riverside,30,4,,659,55
ROBERT A MILLIKAN HIGH SCHOOL,Long Beach,Los Angeles,147,28,11,3369,798
ROBERT F KENNEDY HIGH SCHOOL,Delano,Kern,24,5,3,1365,340
ROBERT FULTON COLLEGE PREP SCH,Van Nuys,Los Angeles,18,3,,1258,113
ROBERTO CRUZ LEADERSHIP ACDMY,San Jose,Santa Clara,11,,,242,66
ROCKLIN HIGH SCHOOL,Rocklin,Placer,66,7,3,2025,554
RONALD E MCNAIR HIGH SCHOOL,Stockton,San Joaquin,27,5,3,1713,426
ROSAMOND HIGH SCHOOL,Rosamond,Kern,9,,,902,186
ROSELAND COLLEGIATE PREP,Santa Rosa,Sonoma,10,,,1250,189
ROSELAND UNIVERSITY PREP,Santa Rosa,Sonoma,13,,,1250,189
ROSEMEAD HIGH SCHOOL,Rosemead,Los Angeles,46,10,4,1673,492
ROSEMONT HIGH SCHOOL,Sacramento,Sacramento,38,,,1515,405
ROSEVILLE HIGH SCHOOL,Roseville,Placer,21,3,3,1551,460
ROYAL HIGH SCHOOL,Simi Valley,Ventura,38,8,5,1933,500
RUBEN S AYALA HIGH SCHOOL,Chino Hills,San Bernardino,171,31,20,2529,622
RUBIDOUX HIGH SCHOOL,Jurupa Valley,Riverside,21,4,,1323,330
RUTH ASAWA SCHOOL OF THE ARTS,San Francisco,San Francisco,93,20,13,680,166
SACRAMENTO HIGH SCHOOL,Sacramento,Sacramento,12,,,355,61
SADDLEBACK HIGH SCHOOL,Santa Ana,Orange,20,,,1499,341
SAGE CREEK HIGH SCHOOL,Carlsbad,San Diego,106,9,6,1358,362
SAGE OAK CHARTER,Redlands,San Bernardino,6,,,3362,136
SAINT HELENA HIGH SCHOOL,Saint Helena,Napa,15,,,421,117
SALINAS HIGH SCHOOL,Salinas,Monterey,63,10,8,2446,584
SAMUELI ACADEMY,Santa Ana,Orange,18,3,,822,130
SAN BERNARDINO HIGH SCHOOL,San Bernardino,San Bernardino,13,,,1475,299
SAN CLEMENTE HIGH SCHOOL,San Clemente,Orange,88,8,6,2765,711
SAN DIEGO HIGH SCHOOL,San Diego,San Diego,75,14,9,1855,505
SAN DIEGO SCHL CREATE/PERFORM,San Diego,San Diego,16,4,,1855,505
SAN DIEGUITO ACADEMY,Encinitas,San Diego,158,23,11,1954,532
SAN DIMAS HIGH SCHOOL,San Dimas,Los Angeles,40,,,1248,316
SAN FERNANDO HIGH SCHOOL,San Fernando,Los Angeles,39,9,,1625,358
SAN FRANCISCO INTERNATIONAL HS,San Francisco,San Francisco,24,6,6,,
SAN GABRIEL HIGH SCHOOL,San Gabriel,Los Angeles,85,11,6,1768,454
SAN GORGONIO HIGH SCHOOL,San Bernardino,San Bernardino,21,6,,1447,355
SAN JACINTO HIGH SCHOOL,San Jacinto,Riverside,22,5,3,2509,572
SAN JACINTO LEADERSHIP ACADEMY,San Jacinto,Riverside,14,6,,2509,572
SAN JACINTO VALLEY ACADEMY,San Jacinto,Riverside,8,,,1569,93
SAN JOSE HIGH SCHOOL,San Jose,Santa Clara,14,,,907,226
SAN JUAN HIGH SCHOOL,Citrus Heights,Sacramento,12,,,570,139
SAN JUAN HILLS HIGH SCHOOL,San Juan Capistrano,Orange,103,6,3,2768,694
SAN LEANDRO HIGH SCHOOL,San Leandro,Alameda,110,7,5,2488,614
SAN LORENZO HIGH SCHOOL,San Lorenzo,Alameda,33,3,3,1136,349
SAN LORENZO VALLEY HIGH SCHOOL,Felton,Santa Cruz,23,8,3,622,158
SAN LUIS OBISPO HIGH SCHOOL,San Luis Obispo,San Luis Obispo,100,16,11,1650,383
SAN MARCOS HIGH SCHOOL,San Marcos,San Diego,129,10,9,3201,858
SAN MARCOS HIGH SCHOOL,Santa Barbara,Santa Barbara,82,18,12,1943,493
SAN MARIN HIGH SCHOOL,Novato,Marin,63,4,,1186,273
SAN MARINO HIGH SCHOOL,San Marino,Los Angeles,104,17,8,837,197
SAN MATEO HIGH SCHOOL,San Mateo,San Mateo,132,18,10,1578,453
SAN PASQUAL HIGH SCHOOL,Escondido,San Diego,35,5,3,1853,472
SAN PEDRO HIGH SCHOOL,San Pedro,Los Angeles,59,10,7,2481,603
SAN RAFAEL HIGH SCHOOL,San Rafael,Marin,51,9,8,1302,355
SAN RAMON VALLEY HIGH SCHOOL,Danville,Contra Costa,105,23,14,2024,585
SAN YSIDRO HIGH SCHOOL,San Diego,San Diego,61,16,8,2017,554
SANGER HIGH SCHOOL,Sanger,Fresno,36,7,,2443,630
SANGER WEST HIGH SCHOOL,Fresno,Fresno,28,,,1386,311
SANTA ANA HIGH SCHOOL,Santa Ana,Orange,47,12,6,2853,725
SANTA BARBARA SENIOR HIGH SCHO,Santa Barbara,Santa Barbara,118,14,6,2046,592
SANTA CLARA HIGH SCHOOL,Santa Clara,Santa Clara,106,12,10,1732,457
SANTA CRUZ HIGH SCHOOL,Santa Cruz,Santa Cruz,75,13,7,1104,282
SANTA FE HIGH SCHOOL,Santa Fe Springs,Los Angeles,37,4,3,1880,463
SANTA MARIA HIGH SCHOOL,Santa Maria,Santa Barbara,70,8,4,3110,825
SANTA MONICA HIGH SCHOOL,Santa Monica,Los Angeles,259,67,38,2573,676
SANTA PAULA HIGH SCHOOL,Santa Paula,Ventura,31,4,,1659,438
SANTA ROSA ACADEMY,Menifee,Riverside,9,,,1636,130
SANTA ROSA HIGH SCHOOL,Santa Rosa,Sonoma,33,,,1636,402
SANTA SUSANA HIGH SCHOOL,Simi Valley,Ventura,41,,,1002,245
SANTA TERESA HIGH SCHOOL,San Jose,Santa Clara,104,14,7,2181,519
SANTA YNEZ VALLEY UNION HS,Santa Ynez,Santa Barbara,22,7,,850,210
SANTANA HIGH SCHOOL,Santee,San Diego,23,4,3,1712,481
SANTEE EDUCATION COMPLEX,Los Angeles,Los Angeles,48,7,5,1680,338
SANTIAGO HIGH SCHOOL,Corona,Riverside,84,19,7,3517,754
SANTIAGO HIGH SCHOOL,Garden Grove,Orange,45,9,6,1801,473
SARATOGA HIGH SCHOOL,Saratoga,Santa Clara,215,21,11,1198,317
SATO ACADEMY OF MATH & SCIENCE,Long Beach,Los Angeles,45,5,,502,119
SAUGUS HIGH SCHOOL,Santa Clarita,Los Angeles,53,7,5,2295,559
SAVANNA HIGH SCHOOL,Anaheim,Orange,26,5,,1618,452
SCH SOCIAL JUSTICE-CONT LEARN CTR,Los Angeles,Los Angeles,7,,,591,132
SCHL ENTREPRENEURSHIP & TECH,San Diego,San Diego,8,,,240,57
SCHOOL OF ARTS AND ENTERPRISE,Pomona,Los Angeles,14,,,667,73
SCHOOL OF ENGINEERING & SCIENCES,Sacramento,Sacramento,8,,,532,60
SCHOOL VISUAL ARTS AND HUMANITIES,Los Angeles,Los Angeles,10,3,,493,99
SCHURR HIGH SCHOOL,Montebello,Los Angeles,43,8,3,2139,547
SCIENCE ACADEMY STEM MAGNET,North Hollywood,Los Angeles,38,5,,513,33
SCOTTS VALLEY HIGH SCHOOL,Scotts Valley,Santa Cruz,30,8,4,655,191
SCRIPPS RANCH HIGH,San Diego,San Diego,151,10,6,1920,479
SEASIDE HIGH SCHOOL,Seaside,Monterey,14,,,1134,296
SEGERSTROM HIGH SCHOOL,Santa Ana,Orange,63,9,4,2499,603
SELMA HIGH SCHOOL,Selma,Fresno,28,5,4,1775,426
SEQUOIA HIGH SCHOOL,Redwood City,San Mateo,87,16,10,1903,517
SERRANO HIGH SCHOOL,Phelan,San Bernardino,16,3,,2170,428
SHADOW HILLS HIGH SCHOOL,Indio,Riverside,16,3,,1702,447
SHAFTER HIGH SCHOOL,Shafter,Kern,7,,,1655,431
SHASTA CHARTER ACADEMY,Redding,Shasta,5,,,1284,299
SHASTA HIGH SCHOOL,Redding,Shasta,11,,,1284,299
SHELDON HIGH SCHOOL,Sacramento,Sacramento,61,4,,2415,636
SHERMAN E BURROUGHS HS,Ridgecrest,Kern,8,,,1518,339
SHERMAN OAKS CTR ENRCHED STDS,Tarzana,Los Angeles,50,7,,1784,215
SIERRA ACADEMY EXPEDITION LRNG,Nevada City,Nevada,8,,,197,42
SIERRA HIGH SCHOOL,Manteca,San Joaquin,24,,,1637,390
SIERRA PACIFIC HIGH SCHOOL,Hanford,Kings,14,,,1102,241
SIERRA VISTA HIGH SCHOOL,Baldwin Park,Los Angeles,34,7,5,1712,427
SILVER CREEK HIGH SCHOOL,San Jose,Santa Clara,135,16,11,2184,596
SILVERADO HIGH SCHOOL,Victorville,San Bernardino,19,,,2171,531
SIMI VALLEY HIGH SCHOOL,Simi Valley,Ventura,29,,,1921,541
SKYLINE HIGH SCHOOL,Oakland,Alameda,85,16,10,1432,374
SOAR HIGH SCHOOL,Lancaster,Los Angeles,43,6,3,646,110
SOCIAL JUSTICE HUMANITAS ACAD,San Fernando,Los Angeles,19,4,,448,101
SOJOURNER TRUTH INDEPENDENT STUDY,Oakland,Alameda,5,,,573,93
SOLEDAD HIGH SCHOOL,Soledad,Monterey,32,5,3,1503,360
SONIA SOTOMAYOR ARTS & SCIENCE ACAD,Los Angeles,Los Angeles,10,,,517,50
SONOMA VALLEY HIGH SCHOOL,Sonoma,Sonoma,28,8,4,1125,288
SONORA HIGH SCHOOL,La Habra,Orange,42,4,,1707,379
SONORA HIGH SCHOOL,Sonora,Tuolumne,9,4,3,960,198
SOQUEL HIGH SCHOOL,Soquel,Santa Cruz,54,7,3,1048,220
SOUTH EAST HIGH SCHOOL,South Gate,Los Angeles,56,5,4,2092,450
SOUTH EL MONTE HIGH SCHOOL,South El Monte,Los Angeles,30,7,3,1276,354
SOUTH FORK HIGH SCHOOL,Miranda,Humboldt,7,,,202,59
SOUTH GATE HIGH SCHOOL,South Gate,Los Angeles,32,7,3,1768,465
SOUTH HIGH SCHOOL,Bakersfield,Kern,36,6,3,2150,580
SOUTH HIGH SCHOOL,Torrance,Los Angeles,121,13,7,1786,485
SOUTH HILLS HIGH SCHOOL,West Covina,Los Angeles,49,9,,1624,431
SOUTH LA COLLEGE PREP,Los Angeles,Los Angeles,17,,,363,77
SOUTH PASADENA HIGH SCHOOL,South Pasadena,Los Angeles,141,10,7,1494,333
SOUTH SAN FRANCISCO HS,South San Francisco,San Mateo,39,3,,1287,334
SOUTH SUTTER CHARTER SCHOOL,Nicolaus,Sutter,5,,,2485,132
SOUTH TAHOE HIGH SCHOOL,South Lake Tahoe,El Dorado,20,5,,1108,250
SOUTHWEST HIGH SCHOOL,El Centro,Imperial,34,4,,1842,457
SOUTHWEST HIGH SCHOOL,San Diego,San Diego,37,6,6,1586,406
STAGG HIGH SCHOOL,Stockton,San Joaquin,14,,,1758,420
STEAM AT LEGACY HIGH SCHOOL COMPLEX,South Gate,Los Angeles,12,,,,
STEELE CANYON HIGH SCHOOL,Spring Valley,San Diego,66,4,,2147,516
STELLA HIGH CHARTER ACADEMY,Los Angeles,Los Angeles,19,,,532,110
STEM ACADEMY OF HOLLYWOOD,Hollywood,Los Angeles,23,5,3,513,33
STOCKDALE HIGH SCHOOL,Bakersfield,Kern,77,10,5,2313,554
STOCKTON COLLEGIATE INTL HIGH SCHOO,Stockton,San Joaquin,11,,,455,49
STOCKTON EARLY COLLEGE ACADEMY,Stockton,San Joaquin,48,4,3,424,103
SULTANA HIGH SCHOOL,Hesperia,San Bernardino,25,,,2181,462
SUMMERVILLE UNION HIGH SCHOOL,Tuolumne,Tuolumne,8,,,486,128
SUMMIT COLLEGIATE HIGH SCHOOL,Porterville,Tulare,10,,,2426,116
SUMMIT HIGH SCHOOL,Fontana,San Bernardino,41,3,,2626,616
SUMMIT PREPARATORY CHARTER HIG,Redwood City,San Mateo,25,3,,379,107
SUMMIT PUBLIC SCHOOL K2,El Cerrito,Contra Costa,29,,,554,68
SUMMIT PUBLIC SCHOOL TAMALPAIS,San Pablo,Contra Costa,38,5,3,650,102
SUMMIT PUBLIC SCHOOL-TAHOMA,San Jose,Santa Clara,39,,,427,118
SUMMIT PUBLIC SCHOOLS SHASTA,Daly City,San Mateo,50,6,4,449,106
SUN VALLEY MAGNET SCHOOL,Sun Valley,Los Angeles,9,5,3,1279,84
SUNNY HILLS HIGH SCHOOL,Fullerton,Orange,177,31,15,2434,611
SUNNYSIDE HIGH SCHOOL,Fresno,Fresno,57,5,,2749,610
SUSAN MILLER DORSEY HIGH SCHL,Los Angeles,Los Angeles,15,5,,792,188
SUTTER UNION HIGH SCHOOL,Sutter,Sutter,11,,,768,183
SWEETWATER HIGH SCHOOL,National City,San Diego,61,8,3,2425,726
SYLMAR BIOTECH HEALTH & ENG MAGNET,Sylmar,Los Angeles,7,,,206,45
SYLMAR HIGH SCHOOL,Sylmar,Los Angeles,44,9,5,1508,276
SYNERGY QUANTUM ACADEMY,Los Angeles,Los Angeles,21,5,3,549,122
TAFT UNION HIGH SCHOOL,Taft,Kern,5,,,1045,242
TAHQUITZ HIGH SCHOOL,Hemet,Riverside,14,3,,1801,413
TAMALPAIS HIGH SCHOOL,Mill Valley,Marin,212,25,12,1544,374
TAMISCAL HIGH SCHOOL,Larkspur,Marin,16,,,134,79
TEACH TECH CHARTER HIGH SCHOOL,Los Angeles,Los Angeles,15,,,406,91
TECHNOLOGY HIGH SCHOOL,Rohnert Park,Sonoma,19,3,,338,75
TEHACHAPI HIGH SCHOOL,Tehachapi,Kern,8,3,,1262,273
TEMECULA PREPARATORY SCHOOL,Winchester,Riverside,15,,,1083,65
TEMECULA VALLEY HIGH SCHOOL,Temecula,Riverside,95,9,,2735,650
TEMESCAL CANYON HIGH SCHOOL,Lake Elsinore,Riverside,37,5,,2248,471
TEMPLE CITY HIGH SCHOOL,Temple City,Los Angeles,164,22,8,1758,442
TEMPLETON HIGH SCHOOL,Templeton,San Luis Obispo,19,3,,738,184
TENNYSON HIGH SCHOOL,Hayward,Alameda,23,3,,1558,452
TERRA LINDA HIGH SCHOOL,San Rafael,Marin,89,11,4,1205,306
TERRA NOVA HIGH SCHOOL,Pacifica,San Mateo,21,,,697,173
TESORO HIGH SCHOOL,Rancho San Margarit,Orange,128,11,9,2040,548
THEODORE ROOSEVELT HIGH SCHOOL,Fresno,Fresno,43,4,,2198,469
THEODORE ROOSEVELT SENIOR HIGH,Los Angeles,Los Angeles,34,8,3,1626,382
THOMAS DOWNEY HIGH SCHOOL,Modesto,Stanislaus,24,6,4,2055,460
THOMAS JEFFERSON HIGH SCHOOL,Los Angeles,Los Angeles,8,,,615,135
THOUSAND OAKS HIGH SCHOOL,Thousand Oaks,Ventura,49,7,3,1728,434
THURGOOD MARSHALL ACADEMIC HS,San Francisco,San Francisco,19,,,477,96
TIDE ACADEMY,Menlo Park,San Mateo,19,,,208,40
TOKAY HIGH SCHOOL,Lodi,San Joaquin,28,,,2088,503
TORRANCE HIGH SCHOOL,Torrance,Los Angeles,74,10,3,1980,488
TORRES HIGH SCH RENAISSANCE ACADEMY,Los Angeles,Los Angeles,14,,,,
TORRES HS - SOCIAL JUSTICE LEADRSHP,Los Angeles,Los Angeles,8,,,591,132
TORRES HS ENGINEERING & TECHNICAL,Los Angeles,Los Angeles,5,,,,
TORRES HS PERFORMING ARTS ACADEMY,Los Angeles,Los Angeles,6,,,295,83
TORRES HS-HUMANITAS ACAD ART &TECH,Los Angeles,Los Angeles,8,,,,
TORREY PINES HIGH SCHOOL,San Diego,San Diego,228,29,16,2644,747
TRABUCO HILLS HIGH SCHOOL,Mission Viejo,Orange,74,11,6,2507,639
TRACY HIGH SCHOOL,Tracy,San Joaquin,35,3,3,1722,435
TRANQUILLITY HIGH SCHOOL,Tranquillity,Fresno,14,,,384,97
TROY HIGH SCHOOL,Fullerton,Orange,299,52,27,2545,615
TRUCKEE HIGH SCHOOL,Truckee,Placer,32,3,,894,204
TULARE UNION HIGH SCHOOL,Tulare,Tulare,13,3,,1622,370
TULARE WESTERN HIGH SCHOOL,Tulare,Tulare,27,,,1886,432
TURLOCK HIGH SCHOOL,Turlock,Stanislaus,33,7,5,2465,564
TUSTIN CONNECT,Tustin,Orange,7,,,243,64
TUSTIN HIGH SCHOOL,Tustin,Orange,34,,,1820,526
TWELVE BRIDGES HIGH SCHOOL,Lincoln,Placer,17,,,1247,269
TWENTYNINE PALMS HIGH SCHOOL,Twentynine Palms,San Bernardino,5,,,723,164
UCLA COMMUNITY SCHOOL,Los Angeles,Los Angeles,26,6,4,911,104
UKIAH HIGH SCHOOL,Ukiah,Mendocino,35,8,3,1745,388
ULYSSES S GRANT HIGH SCHOOL,Van Nuys,Los Angeles,55,9,6,1798,354
UMOJA INTERNATIONAL ACADEMY,Sacramento,Sacramento,10,,,490,37
UNION MINE HIGH SCHOOL,El Dorado,El Dorado,12,,,1046,255
UNIVERSITY CITY HIGH SCHOOL,San Diego,San Diego,106,5,3,1505,390
UNIVERSITY HIGH SCHOOL,Fresno,Fresno,48,14,5,484,110
UNIVERSITY HIGH SCHOOL,Irvine,Orange,284,34,13,2226,540
UNIVERSITY HIGH SCHOOL,Los Angeles,Los Angeles,70,9,,1422,334
UNIVERSITY PREP ACADEMY,San Jose,Santa Clara,53,7,4,713,104
UNIVERSITY PREP VALUE HS,Los Angeles,Los Angeles,23,4,,484,105
UNIVERSITY PREPARATORY,Victorville,San Bernardino,37,6,4,1141,170
UNIVERSITY PREPARATORY SCHOOL,Redding,Shasta,17,3,,1016,122
UNIVERSITY PREPARTORY HIGH SCH,Visalia,Tulare,14,,,247,64
UPLAND HIGH SCHOOL,Upland,San Bernardino,71,8,,2905,702
UPPER LAKE HIGH SCHOOL,Upper Lake,Lake,14,,,331,78
USC HYBRID HIGH COLLEGE PREP,Los Angeles,Los Angeles,28,6,3,527,130
USC MEDIA & ENGINEERING MAGNET SCH,Los Angeles,Los Angeles,7,,,,
VACAVILLE HIGH SCHOOL,Vacaville,Solano,44,9,4,2027,525
VALENCIA HIGH SCHOOL,Placentia,Orange,124,12,4,2424,578
VALENCIA HIGH SCHOOL,Valencia,Los Angeles,111,17,10,2258,618
VALHALLA HIGH SCHOOL,El Cajon,San Diego,44,4,,1845,534
VALLEJO HIGH SCHOOL,Vallejo,Solano,11,,,1193,297
VALLEY ACADEMY ARTS & SCIENCES,Granada Hills,Los Angeles,17,5,,794,207
VALLEY CENTER HIGH SCHOOL,Valley Center,San Diego,17,,,1094,281
VALLEY HIGH SCHOOL,Sacramento,Sacramento,48,5,,1629,426
VALLEY HIGH SCHOOL,Santa Ana,Orange,35,5,3,2077,500
VALLEY INTERNATIONAL PREP HS,Northridge,Los Angeles,9,,,276,77
VALLEY VIEW HIGH SCHOOL,Moreno Valley,Riverside,48,4,,2784,682
VALOR ACADEMY HIGH SCHOOL,North Hills,Los Angeles,27,,,491,127
VAN NUYS HIGH SCHOOL,Van Nuys,Los Angeles,83,20,11,2176,515
VANDEN HIGH SCHOOL,Fairfield,Solano,47,,,1619,369
VASQUEZ HIGH SCHOOL,Acton,Los Angeles,5,,,375,104
VAUGHN NEXT CENTURY LEARN CTR,San Fernando,Los Angeles,19,3,3,2738,165
VENICE HIGH SCHOOL,Los Angeles,Los Angeles,129,27,14,2223,462
VENTURA HIGH SCHOOL,Ventura,Ventura,56,10,5,2036,489
VENTURE ACADEMY,Stockton,San Joaquin,12,,,1613,268
VERDUGO HILLS HIGH SCHOOL,Tujunga,Los Angeles,28,5,,1198,277
VICTOR VALLEY HIGH SCHOOL,Victorville,San Bernardino,28,3,,2169,483
VILLA PARK HIGH SCHOOL,Villa Park,Orange,54,9,5,2059,504
VILLAGE ACADEMY HIGH SCHOOL,Pomona,Los Angeles,5,,,,
VINTAGE HIGH SCHOOL,Napa,Napa,35,7,3,1712,452
VISIONS IN EDUCATION,Carmichael,Sacramento,30,,,7009,1392
VISTA DEL LAGO HIGH SCHOOL,Folsom,Sacramento,118,12,9,1750,465
VISTA DEL LAGO HIGH SCHOOL,Moreno Valley,Riverside,26,,,1953,420
VISTA HIGH SCHOOL,Vista,San Diego,29,5,,1896,499
VISTA MURRIETA HIGH SCHOOL,Murrieta,Riverside,52,7,,3382,823
WALLIS ANNENBERG HIGH SCHOOL,Los Angeles,Los Angeles,18,3,,461,94
WALNUT HIGH SCHOOL,Walnut,Los Angeles,179,20,15,2138,532
WARREN HIGH SCHOOL,Downey,Los Angeles,76,10,4,3471,741
WASCO UNION HIGH SCHOOL,Wasco,Kern,27,3,,1693,395
WASHINGTON HIGH SCHOOL,Fremont,Alameda,142,13,12,1901,455
WASHINGTON MIDDLE COLLEGE HS,West Sacramento,Yolo,5,,,149,35
WASHINGTON UNION HIGH SCHOOL,Fresno,Fresno,14,3,,1115,256
WATERFORD HIGH SCHOOL,Waterford,Stanislaus,13,,,589,166
WATSONVILLE HIGH SCHOOL,Watsonville,Santa Cruz,59,6,3,2253,507
WEBER INSTITUTE OF APPLIED SCIENCES,Stockton,San Joaquin,18,,,344,96
WEED HIGH SCHOOL,Weed,Siskiyou,6,3,,189,33
WEST ADAMS PREPARATORY HS,Los Angeles,Los Angeles,31,,,975,222
WEST CAMPUS HIGH SCHOOL,Sacramento,Sacramento,88,16,7,881,201
WEST COVINA HIGH SCHOOL,West Covina,Los Angeles,52,,,1811,467
WEST HIGH SCHOOL,Bakersfield,Kern,22,4,,2090,434
WEST HIGH SCHOOL,Torrance,Los Angeles,111,15,11,1798,462
WEST HILLS HIGH SCHOOL,Santee,San Diego,25,4,,1515,370
WEST PARK HIGH SCHOOL,Roseville,Placer,54,5,3,1845,361
WEST RANCH HIGH SCHOOL,Valencia,Los Angeles,142,22,14,1843,495
WEST SHORES HIGH SCHOOL,Thermal,Riverside,5,,,513,80
WEST VALLEY HIGH SCHOOL,Hemet,Riverside,20,,,1818,402
WESTCHESTER ENRICHED SCIENCE MAGNET,Los Angeles,Los Angeles,24,6,,,
WESTERN CENTER ACADEMY,Hemet,Riverside,22,,,741,77
WESTERN HIGH SCHOOL,Anaheim,Orange,18,3,,1667,440
WESTERN SIERRA COLLEGIATE ACAD,Rocklin,Placer,45,6,3,772,105
WESTLAKE CHARTER HIGH SCHOOL,Sacramento,Sacramento,29,4,,,
WESTLAKE HIGH SCHOOL,Westlake Village,Ventura,148,28,13,2010,532
WESTMINSTER HIGH SCHOOL,Westminster,Orange,72,14,6,2543,612
WESTMONT HIGH SCHOOL,Campbell,Santa Clara,107,4,,1726,400
WESTMOOR HIGH SCHOOL,Daly City,San Mateo,69,6,5,1256,331
WESTON RANCH HIGH SCHOOL,Stockton,San Joaquin,31,5,,1181,305
WESTVIEW HIGH SCHOOL,San Diego,San Diego,201,27,17,2186,622
WHEATLAND HIGH SCHOOL,Wheatland,Yuba,14,3,,1048,271
WHITNEY HIGH SCHOOL,Rocklin,Placer,71,11,7,1981,478
WHITTIER HIGH SCHOOL,Whittier,Los Angeles,42,,,1710,430
WILL C WOOD HIGH SCHOOL,Vacaville,Solano,29,,,1681,387
WILLIAM C OVERFELT HIGH SCHOOL,San Jose,Santa Clara,39,6,5,1367,347
WILLIAM HOWARD TAFT HS,Woodland Hills,Los Angeles,130,15,6,2236,466
WILLIAM J PETE KNIGHT HIGH SCH,Palmdale,Los Angeles,41,5,,2520,728
WILLIAM S HART HIGH SCHOOL,Newhall,Los Angeles,60,6,5,1930,472
WILLIAM WORKMAN HIGH SCHOOL,City Of Industry,Los Angeles,15,,,773,174
WILLIAMS HIGH SCHOOL,Williams,Colusa,13,,,626,97
WILLOW GLEN HIGH SCHOOL,San Jose,Santa Clara,72,12,6,1580,380
WILMER AMINA CARTER HS,Rialto,San Bernardino,41,9,,2027,481
WINDSOR HIGH SCHOOL,Windsor,Sonoma,50,7,4,1638,392
WINTERS HIGH SCHOOL,Winters,Yolo,7,,,437,98
WISH ACADEMY HIGH SCHOOL,Los Angeles,Los Angeles,10,3,,264,63
WONDERFUL COLL PREP ACAD LOST HILLS,Lost Hills,Kern,5,,,538,22
WONDERFUL COLLEGE PREP ACAD DELANO,Delano,Kern,23,4,3,1857,146
WOODBRIDGE HIGH SCHOOL,Irvine,Orange,173,26,13,2224,585
WOODCREEK HIGH SCHOOL,Roseville,Placer,50,3,,1902,483
WOODLAKE HIGH SCHOOL,Woodlake,Tulare,8,,,668,154
WOODLAND HIGH SCHOOL,Woodland,Yolo,30,5,,1171,274
WOODROW WILSON HIGH SCHOOL,Long Beach,Los Angeles,114,16,8,1356,337
WOODROW WILSON HIGH SCHOOL,Los Angeles,Los Angeles,45,7,5,1356,337
WOODSIDE HIGH SCHOOL,Woodside,San Mateo,94,16,8,1646,459
YERBA BUENA HIGH SCHOOL,San Jose,Santa Clara,91,17,13,1621,364
YGNACIO VALLEY HIGH SCHOOL,Concord,Contra Costa,34,4,,1111,279
YORBA LINDA HIGH SCHOOL,Yorba Linda,Orange,86,8,3,1584,409
YOSEMITE HIGH SCHOOL,Oakhurst,Madera,7,,,557,133
YREKA HIGH SCHOOL,Yreka,Siskiyou,8,,,636,139
YUBA CITY HIGH SCHOOL,Yuba City,Sutter,29,4,3,1818,456
YUCAIPA SENIOR HIGH SCHOOL,Yucaipa,San Bernardino,20,,,2786,680
