school,city,county,applied,admitted,attended
A B MILLER HIGH SCHOOL,Fontana,San Bernardino,25,3,
ABLE CHARTER,Stockton,San Joaquin,8,,
ABRAHAM LINCOLN HIGH SCHOOL,Los Angeles,Los Angeles,48,11,4
ABRAHAM LINCOLN HIGH SCHOOL,San Francisco,San Francisco,201,33,23
ABRAHAM LINCOLN HIGH SCHOOL,San Jose,Santa Clara,56,8,3
ACADEMIA AVANCE CHARTER SCHOOL,Los Angeles,Los Angeles,16,,
ACADEMIC LEADERSHIP COMMUNITY,Los Angeles,Los Angeles,9,,
ACADEMIES EDUCATION/EMPOWERMNT,Carson,Los Angeles,18,6,4
ACADEMY FOR ACADEMIC EXCELLENCE,Apple Valley,San Bernardino,6,3,
ACADEMY OF MEDICAL ARTS AT CARSON,Carson,Los Angeles,8,,
ACADEMY OF THE CANYONS,Santa Clarita,Los Angeles,47,7,5
ACADEMY OF THE REDWOODS,Eureka,Humboldt,17,7,6
ACADEMY-SAN FRAN @ MCATEER,San Francisco,San Francisco,13,3,
ACALANES HIGH SCHOOL,Lafayette,Contra Costa,128,18,12
ACE CHARTER HIGH SCHOOL,San Jose,Santa Clara,13,,
ADELANTO HIGH SCHOOL,Adelanto,San Bernardino,36,3,
ADOLFO CAMARILLO HIGH SCHOOL,Camarillo,Ventura,49,,
ADRIAN C WILCOX HIGH SCHOOL,Santa Clara,Santa Clara,101,,
ADVANCED LEARNING ACADEMY,Santa Ana,Orange,14,,
AGOURA HIGH SCHOOL,Agoura Hills,Los Angeles,81,12,5
AIMS COLLEGE PREP HIGH SCHOOL,Oakland,Alameda,42,4,
ALAIN LEROY LOCKE COLLEGE PREP,Los Angeles,Los Angeles,15,,
ALAMEDA COMMUNITY LEARNING CTR,Alameda,Alameda,12,,
ALAMEDA HIGH SCHOOL,Alameda,Alameda,170,25,12
ALAMEDA SCIENCE & TECHNICAL INST,Alameda,Alameda,42,7,6
ALBANY HIGH SCHOOL,Albany,Alameda,153,13,6
ALEXANDER HAMILTON HIGH SCHOOL,Los Angeles,Los Angeles,82,24,9
ALHAMBRA HIGH SCHOOL,Alhambra,Los Angeles,90,12,6
ALHAMBRA HIGH SCHOOL,Martinez,Contra Costa,21,,
ALISAL HIGH SCHOOL,Salinas,Monterey,89,11,7
ALISO NIGUEL HIGH SCHOOL,Aliso Viejo,Orange,123,14,7
ALLIANCE CINDY/BILL SIMON TECH,Los Angeles,Los Angeles,12,,
ALLIANCE COLLINS COLLEGE READY HS,Huntington Park,Los Angeles,21,3,
ALLIANCE DR OLGA MOHAN HIGH SC,Los Angeles,Los Angeles,13,5,
ALLIANCE GERTZ-RESSLER HIGH SC,Los Angeles,Los Angeles,39,7,4
ALLIANCE JUDY BURTON TECH ACAD,Los Angeles,Los Angeles,17,4,
ALLIANCE LEICHTMAN-LEVINE ESHS,Los Angeles,Los Angeles,8,3,
ALLIANCE M&E STERN MATH SCI SCH,Los Angeles,Los Angeles,22,4,
ALLIANCE MARGARET M BLOOMFIELD,Huntington Park,Los Angeles,15,3,
ALLIANCE MIT 6-12 COMPLEX,Sun Valley,Los Angeles,19,,
ALLIANCE MORGAN MCKINZIE HS,Los Angeles,Los Angeles,15,,
ALLIANCE NEUWIRTH LEADERSHIP ACADMY,Los Angeles,Los Angeles,19,3,
ALLIANCE OUCHI-O'DONOVAN 6-12,Los Angeles,Los Angeles,33,4,
ALLIANCE PIERA BARBAGLIA SHAHEEN HS,Los Angeles,Los Angeles,13,,
ALLIANCE RENEE & MEYER LUSKIN,Los Angeles,Los Angeles,15,,
ALLIANCE SMIDT TECHNOLOGY HIGH,Los Angeles,Los Angeles,10,,
ALLIANCE TED K TAJIMA HIGH SCH,Los Angeles,Los Angeles,28,5,
ALLIANCE TENNENBAUM FAMILY TECH HS,Los Angeles,Los Angeles,7,,
ALPHA CINDY AVITIA HIGH SCHOOL,San Jose,Santa Clara,15,,
ALTA LOMA HIGH SCHOOL,Alta Loma,San Bernardino,45,3,
ALTERNATIVES IN ACTION HIGH SCHOOL,Oakland,Alameda,11,,
ALTUS CHARTER SCHOOL OF SAN DIEGO,San Diego,San Diego,5,,
AMADOR HIGH SCHOOL,Sutter Creek,Amador,8,,
AMADOR VALLEY HIGH SCHOOL,Pleasanton,Alameda,302,21,13
AMBASSADOR SCHL GLOBAL LDRSHP,Los Angeles,Los Angeles,8,,
AMERICAN CANYON HIGH SCHOOL,American Canyon,Napa,61,8,
AMERICAN HIGH SCHOOL,Fremont,Alameda,348,25,20
ANAHEIM HIGH SCHOOL,Anaheim,Orange,74,8,5
ANAHUACALMECAC INTRL UNIV PREP,Los Angeles,Los Angeles,6,,
ANALY HIGH SCHOOL,Sebastopol,Sonoma,33,,
ANDERSON VALLEY JR SR HIGH SCHOOL,Boonville,Mendocino,5,,
ANDREW P HILL HIGH SCHOOL,San Jose,Santa Clara,30,5,
ANGELO RODRIGUEZ HIGH SCHOOL,Fairfield,Solano,95,6,3
ANIMO COMPTON CHARTER SCHOOL,Los Angeles,Los Angeles,8,,
ANIMO CTY CHAMPIONS CHARTER HS,Inglewood,Los Angeles,11,,
ANIMO INGLEWOOD CHARTER HS,Inglewood,Los Angeles,31,3,
ANIMO JACKIE ROBINSON CHRT SCH,Los Angeles,Los Angeles,25,6,
ANIMO LEADERSHIP CHARTER HS,Inglewood,Los Angeles,33,7,
ANIMO PAT BROWN CHARTER HS,Los Angeles,Los Angeles,38,8,
ANIMO RALPH BUNCHE CHARTER HS,Los Angeles,Los Angeles,22,4,
ANIMO S LOS ANGELES CHARTER HS,Los Angeles,Los Angeles,11,,
ANIMO VENICE CHARTER HS,Venice,Los Angeles,22,6,
ANIMO WATTS COLLGE PREP ACDMY,Los Angeles,Los Angeles,21,3,
ANN SOBRATO HIGH SCHOOL,Morgan Hill,Santa Clara,82,7,4
ANTELOPE HIGH SCHOOL,Antelope,Sacramento,37,3,
ANTELOPE VALLEY HIGH SCHOOL,Lancaster,Los Angeles,14,3,
ANTIOCH HIGH SCHOOL,Antioch,Contra Costa,36,,
APPLE VALLEY HIGH SCHOOL,Apple Valley,San Bernardino,31,,
APPLIED TECHNOLOGY CENTER,Montebello,Los Angeles,9,,
APTOS HIGH SCHOOL,Aptos,Santa Cruz,53,8,6
ARAGON HIGH SCHOOL,San Mateo,San Mateo,197,27,16
ARCADIA HIGH SCHOOL,Arcadia,Los Angeles,371,51,29
ARCATA HIGH SCHOOL,Arcata,Humboldt,32,5,
ARCHIE WILLIAMS HIGH SCHOOL,San Anselmo,Marin,93,9,6
ARGONAUT HIGH SCHOOL,Jackson,Amador,7,,
ARISE HIGH SCHOOL,Oakland,Alameda,15,4,4
ARLETA HIGH SCHOOL,Arleta,Los Angeles,18,3,
ARLINGTON HIGH SCHOOL,Riverside,Riverside,21,3,
ARMIJO HIGH SCHOOL,Fairfield,Solano,27,4,
ARNOLD O BECKMAN HIGH SCHOOL,Irvine,Orange,235,35,20
ARROYO GRANDE HIGH SCHOOL,Arroyo Grande,San Luis Obispo,54,6,5
ARROYO HIGH SCHOOL,El Monte,Los Angeles,42,8,
ARROYO HIGH SCHOOL,San Lorenzo,Alameda,88,10,9
ARROYO VALLEY HIGH SCHOOL,San Bernardino,San Bernardino,43,5,
ARTESIA HIGH SCHOOL,Lakewood,Los Angeles,17,,
ARVIN HIGH SCHOOL,Arvin,Kern,39,7,5
ASPIRE ALEXANDER TWILIGHT SCND,Sacramento,Sacramento,10,,
ASPIRE BENJAMIN HOLT COLG PREP,Stockton,San Joaquin,36,5,3
ASPIRE GOLDEN STATE COLLG PREP ACAD,Oakland,Alameda,17,,
ASPIRE LANGSTON HUGHES ACADEMY,Stockton,San Joaquin,16,4,
ASPIRE LIONEL WILSON COLG PREP,Oakland,Alameda,18,4,4
ASPIRE OLLIN UNIV PREP ACDMY,Huntington Park,Los Angeles,11,3,
ASPIRE PACIFIC ACADEMY,Huntington Park,Los Angeles,8,,
ASPIRE RICHMOND CA COLG PREP,Richmond,Contra Costa,26,6,5
ASPIRE VANGUARD COL PREP ACAD,Modesto,Stanislaus,9,,
ASSURANCE LEARNING ACADEMY,Lancaster,Los Angeles,11,,
ATASCADERO HIGH SCHOOL,Atascadero,San Luis Obispo,16,,
ATWATER HIGH SCHOOL,Atwater,Merced,34,5,
AUDEO CHARTER SCHOOL I,San Diego,San Diego,6,,
AVENAL HIGH SCHOOL,Avenal,Kings,11,4,
AVESON GLOBAL LEADERSHIP ACADEMY,Altadena,Los Angeles,6,,
AZUSA HIGH SCHOOL,Azusa,Los Angeles,30,9,4
BAKERSFIELD HIGH SCHOOL,Bakersfield,Kern,24,,
BALBOA HIGH SCHOOL,San Francisco,San Francisco,130,17,12
BALDWIN PARK HIGH SCHOOL,Baldwin Park,Los Angeles,14,,
BANNING HIGH SCHOOL,Banning,Riverside,10,,
BASSETT HIGH SCHOOL,La Puente,Los Angeles,13,,
BAY AREA TECHNOLOGY-BAYTECH,Oakland,Alameda,14,3,
BAYFRONT CHARTER HIGH SCHOOL,Chula Vista,San Diego,7,,
BEAR CREEK HIGH SCHOOL,Stockton,San Joaquin,28,7,3
BEAR RIVER HIGH SCHOOL,Grass Valley,Nevada,9,,
BEAUMONT HIGH SCHOOL,Beaumont,Riverside,37,5,
BELL GARDENS HIGH SCHOOL,Bell Gardens,Los Angeles,34,3,
BELL HIGH SCHOOL,Bell,Los Angeles,55,10,4
BELLA VISTA HIGH SCHOOL,Fair Oaks,Sacramento,33,5,
BELLFLOWER HIGH SCHOOL,Bellflower,Los Angeles,33,3,
BELMONT HIGH SCHOOL,Los Angeles,Los Angeles,13,3,
BENICIA HIGH SCHOOL,Benicia,Solano,60,7,4
BENJAMIN FRANKLIN HIGH SCHOOL,Los Angeles,Los Angeles,43,5,
BERKELEY HIGH SCHOOL,Berkeley,Alameda,319,73,37
BEVERLY HILLS HIGH SCHOOL,Beverly Hills,Los Angeles,80,14,6
BIG BEAR HIGH SCHOOL,Big Bear City,San Bernardino,5,,
BIRMINGHAM COMMUNITY CHARTER HS,Lake Balboa,Los Angeles,126,21,8
BISHOP UNION HIGH SCHOOL,Bishop,Inyo,10,,
BLAIR HIGH SCHOOL,Pasadena,Los Angeles,28,3,
BLOOMINGTON HIGH SCHOOL,Bloomington,San Bernardino,13,,
BLUE RIDGE ACADEMY,Maricopa,Kern,12,4,
BOLSA GRANDE HIGH SCHOOL,Garden Grove,Orange,47,11,5
BONITA HIGH SCHOOL,La Verne,Los Angeles,42,6,
BONITA VISTA HIGH SCHOOL,Chula Vista,San Diego,86,15,9
BONSALL HIGH SCHOOL,Bonsall,San Diego,9,,
BOSTONIA GLOBAL,El Cajon,San Diego,5,,
BOYLE HEIGHTS STEM MAGNET HIGH SCH,Los Angeles,Los Angeles,11,,
BRANHAM HIGH SCHOOL,San Jose,Santa Clara,128,13,11
BRAWLEY UNION HIGH SCHOOL,Brawley,Imperial,14,,
BREA OLINDA HIGH SCHOOL,Brea,Orange,81,9,
BRET HARTE UNION HIGH SCHOOL,Angels Camp,Calaveras,6,,
BRIO COLLEGE PREP,Los Angeles,Los Angeles,33,3,
BUCHANAN HIGH SCHOOL,Clovis,Fresno,61,11,6
BUCKINGHAM COLLEGIATE CHARTER,Vacaville,Solano,10,,
BUENA HIGH SCHOOL,Ventura,Ventura,20,,
BUENA PARK HIGH SCHOOL,Buena Park,Orange,31,7,
BUHACH COLONY HIGH SCHOOL,Atwater,Merced,30,,
BULLARD HIGH SCHOOL,Fresno,Fresno,44,4,
BURBANK HIGH SCHOOL,Burbank,Los Angeles,111,14,6
BURLINGAME HIGH SCHOOL,Burlingame,San Mateo,164,13,4
C K MCCLATCHY HIGH SCHOOL,Sacramento,Sacramento,96,13,7
CA ONLINE PUBLIC SCH CENTRAL VALLEY,Ripon,San Joaquin,6,,
CA ONLINE PUBLIC SCH MONTEREY BAY,Ripon,San Joaquin,7,,
CA ONLINE PUBLIC SCH NORTHERN CA,Ripon,San Joaquin,18,,
CA ONLINE PUBLIC SCHOOLS SOUTHRN CA,San Juan Capistrano,Orange,28,,
CA SCH ARTS SAN GABRIEL VALLEY,Duarte,Los Angeles,62,11,4
CABRILLO HIGH SCHOOL,Lompoc,Santa Barbara,16,,
CABRILLO POINT ACADEMY,El Cajon,San Diego,7,,
CAJON HIGH SCHOOL,San Bernardino,San Bernardino,52,4,3
CALABASAS HIGH SCHOOL,Calabasas,Los Angeles,121,32,18
CALAVERAS HIGH SCHOOL,San Andreas,Calaveras,7,,
CALEXICO HIGH SCHOOL,Calexico,Imperial,34,5,3
CALIFORNIA ACAD MATH & SCIENCE,Carson,Los Angeles,115,24,11
CALIFORNIA CITY HIGH SCHOOL,California City,Kern,5,,
CALIFORNIA HIGH SCHOOL,San Ramon,Contra Costa,291,36,24
CALIFORNIA HIGH SCHOOL,Whittier,Los Angeles,55,11,4
CALIFORNIA MILITARY INSTITUTE,Perris,Riverside,16,,
CALIFORNIA VIRTUAL ACADEMY LA,Simi Valley,Ventura,19,,
CALIFORNIA VIRTUAL-SAN JOAQUIN,Simi Valley,Ventura,17,,
CALIPATRIA HIGH SCHOOL,Calipatria,Imperial,9,,
CALISTOGA JUNIOR SENIOR HIGH SCHOOL,Calistoga,Napa,10,,
CAMINO NUEVO HIGH SCH DALZELL LANCE,Los Angeles,Los Angeles,18,,
CAMPOLINDO HIGH SCHOOL,Moraga,Contra Costa,155,25,15
CANOGA PARK HIGH SCHOOL,Canoga Park,Los Angeles,32,3,3
CANYON CREST ACADEMY,San Diego,San Diego,346,29,19
CANYON HIGH SCHOOL,Anaheim,Orange,121,10,5
CANYON HIGH SCHOOL,Canyon Country,Los Angeles,24,4,4
CANYON HILLS HIGH SCHOOL,San Diego,San Diego,45,3,3
CANYON SPRINGS HIGH SCHOOL,Moreno Valley,Riverside,33,5,
CAPISTRANO VALLEY HIGH SCHOOL,Mission Viejo,Orange,106,11,8
CAPUCHINO HIGH SCHOOL,San Bruno,San Mateo,39,6,
CARLMONT HIGH SCHOOL,Belmont,San Mateo,288,45,32
CARLSBAD HIGH SCHOOL,Carlsbad,San Diego,79,8,3
CARMEL HIGH SCHOOL,Carmel,Monterey,47,9,7
CARPINTERIA HIGH SCHOOL,Carpinteria,Santa Barbara,16,,
CARSON HIGH SCHOOL,Carson,Los Angeles,48,9,5
CARUTHERS HIGH SCHOOL,Caruthers,Fresno,9,,
CASA GRANDE HIGH SCHOOL,Petaluma,Sonoma,45,4,
CASA ROBLE FUNDAMENTAL HS,Orangevale,Sacramento,22,,
CASTAIC HIGH SCHOOL,Castaic,Los Angeles,22,4,
CASTLE PARK HIGH SCHOOL,Chula Vista,San Diego,26,8,4
CASTLEMONT HIGH SCHOOL,Oakland,Alameda,19,,
CASTRO VALLEY HIGH SCHOOL,Castro Valley,Alameda,225,16,11
CATCH PREP CHARTER HIGH,Los Angeles,Los Angeles,10,9,
CATHEDRAL CITY HIGH SCHOOL,Cathedral City,Riverside,38,7,3
CEIBA COLLEGE PREPARATORY ACAD,Watsonville,Santa Cruz,12,,
CENTENNIAL HIGH SCHOOL,Bakersfield,Kern,31,,
CENTENNIAL HIGH SCHOOL,Compton,Los Angeles,23,3,
CENTENNIAL HIGH SCHOOL,Corona,Riverside,77,19,7
CENTER HIGH SCHOOL,Antelope,Sacramento,30,,
CENTRAL CITY VALUE HIGH SCHOOL,Los Angeles,Los Angeles,10,,
CENTRAL COAST NEW TECH HIGH SC,Nipomo,San Luis Obispo,12,,
CENTRAL EAST HIGH SCHOOL,Fresno,Fresno,15,3,
CENTRAL HIGH SCHOOL,Fresno,Fresno,7,,
CENTRAL UNION HIGH SCHOOL,El Centro,Imperial,30,5,
CENTRAL VALLEY HIGH SCHOOL,Ceres,Stanislaus,46,5,5
CENTURY HIGH SCHOOL,Santa Ana,Orange,18,,
CERES HIGH SCHOOL,Ceres,Stanislaus,35,7,3
CERRITOS HIGH SCHOOL,Cerritos,Los Angeles,142,17,7
CESAR CHAVEZ HIGH SCHOOL,Stockton,San Joaquin,29,,
CESAR E CHAVEZ HIGH SCHOOL,Delano,Kern,13,6,
CHAFFEY DISTRICT ONLINE HS,Ontario,San Bernardino,5,,
CHAFFEY HIGH SCHOOL,Ontario,San Bernardino,31,8,5
CHANNEL ISLANDS HIGH SCHOOL,Oxnard,Ventura,45,7,
CHAPARRAL HIGH SCHOOL,Temecula,Riverside,69,,
CHARTER HS ARTS MEDIA PERFORM,Van Nuys,Los Angeles,10,,
CHARTER OAK HIGH SCHOOL,Covina,Los Angeles,18,3,
CHATSWORTH CHARTER HIGH SCHOOL,Chatsworth,Los Angeles,53,13,7
CHAVEZ LA ACADEMY OF SCIENCE,San Fernando,Los Angeles,9,,
CHAVEZ LA ARTES,San Fernando,Los Angeles,12,,
CHAVEZ LEARNING ACAD-TECH PREP ACAD,San Fernando,Los Angeles,13,,
CHICO HIGH SCHOOL,Chico,Butte,43,4,4
CHINO HIGH SCHOOL,Chino,San Bernardino,28,4,
CHINO HILLS HIGH SCHOOL,Chino Hills,San Bernardino,128,18,11
CHOWCHILLA UNION HIGH SCHOOL,Chowchilla,Madera,18,4,
CHRISTOPHER HIGH SCHOOL,Gilroy,Santa Clara,36,3,3
CHULA VISTA HIGH SCHOOL,Chula Vista,San Diego,41,8,
CHULA VISTA LRNG CMNTY CHARTER,Chula Vista,San Diego,32,7,4
CIRCLE OF INDEPENDENT LEARNING,Fremont,Alameda,8,,
CITRUS HILL HIGH SCHOOL,Perris,Riverside,23,,
CITRUS VALLEY HIGH SCHOOL,Redlands,San Bernardino,29,3,
CITY ARTS AND LEADERSHIP ACADEMY,San Francisco,San Francisco,26,,
CITY HONORS HIGH SCHOOL,Inglewood,Los Angeles,18,,
CITY OF ANGELS SCHOOL,Los Angeles,Los Angeles,5,,
CLAIREMONT HIGH SCHOOL,San Diego,San Diego,22,3,
CLAREMONT HIGH SCHOOL,Claremont,Los Angeles,115,17,10
CLARK MAGNET HIGH SCHOOL,La Crescenta,Los Angeles,86,8,
CLASSICAL ACADEMY HIGH SCHOOL,Escondido,San Diego,24,,
CLAYTON VALLEY CHARTER HIGH SCHOOL,Concord,Contra Costa,127,11,7
CLEAR LAKE HIGH SCHOOL,Lakeport,Lake,6,,
CLEVELAND HIGH SCHOOL,Reseda,Los Angeles,115,18,11
CLOVERDALE HIGH SCHOOL,Cloverdale,Sonoma,8,,
CLOVIS EAST HIGH SCHOOL,Clovis,Fresno,43,3,
CLOVIS HIGH SCHOOL,Clovis,Fresno,25,3,
CLOVIS NORTH HIGH SCHOOL,Fresno,Fresno,113,20,6
CLOVIS WEST HIGH SCHOOL,Fresno,Fresno,51,6,
COACHELLA VALLEY HIGH SCHOOL,Thermal,Riverside,43,8,7
COALINGA HIGH SCHOOL,Coalinga,Fresno,21,,
COASTAL ACADEMY HS OCEANSIDE,Oceanside,San Diego,11,,
COBALT INSTITUTE OF MATH & SCIENCE,Victorville,San Bernardino,32,4,
COLFAX HIGH SCHOOL,Colfax,Placer,13,4,
COLISEUM COLLEGE PREP ACADEMY,Oakland,Alameda,35,6,4
COLLEGE PARK HIGH SCHOOL,Pleasant Hill,Contra Costa,103,11,9
COLONY HIGH SCHOOL,Ontario,San Bernardino,28,,
COLTON HIGH SCHOOL,Colton,San Bernardino,24,,
COLUSA HIGH SCHOOL,Colusa,Colusa,10,,
COMM&TECH SCHOOL RIVERA LRNG COMPLX,Los Angeles,Los Angeles,19,,
COMPTON EARLY COLLEGE HIGH SCH,Compton,Los Angeles,39,6,6
COMPTON HIGH SCHOOL,Compton,Los Angeles,31,,
CONCORD HIGH SCHOOL,Concord,Contra Costa,23,5,4
CONNECTING WATERS - EAST BAY,Waterford,Stanislaus,18,,
CONNECTING WATERS CHARTER SCH,Waterford,Stanislaus,5,,
CORCORAN HIGH SCHOOL,Corcoran,Kings,20,6,
CORDOVA HIGH SCHOOL,Rancho Cordova,Sacramento,29,4,
CORONA DEL MAR HIGH SCHOOL,Newport Beach,Orange,117,17,10
CORONA HIGH SCHOOL,Corona,Riverside,28,5,
CORONADO HIGH SCHOOL,Coronado,San Diego,52,9,3
CORTINES SCHOOL VPA,Los Angeles,Los Angeles,57,12,4
COSTA MESA HIGH SCHOOL,Costa Mesa,Orange,22,4,
COSUMNES OAKS HIGH SCHOOL,Elk Grove,Sacramento,122,13,3
COVINA HIGH SCHOOL,Covina,Los Angeles,27,3,
CRAWFORD HIGH SCHOOL,San Diego,San Diego,41,12,5
CREATIVE CONNECTIONS ARTS ACAD,North Highlands,Sacramento,7,,
CREDO HIGH SCHOOL ARTS/LETTERS/SCI,Rohnert Park,Sonoma,19,3,
CRENSHAW HIGH SCHOOL,Los Angeles,Los Angeles,18,,
CRESCENTA VALLEY HIGH SCHOOL,La Crescenta,Los Angeles,200,32,8
CRITICAL DESIGN AND GAMING SCH,Los Angeles,Los Angeles,24,4,
CULVER CITY HIGH SCHOOL,Culver City,Los Angeles,129,20,8
CUPERTINO HIGH SCHOOL,Cupertino,Santa Clara,294,36,27
CYPRESS HIGH SCHOOL,Cypress,Orange,134,11,7
DA VINCI CHARTER ACADEMY,Davis,Yolo,20,,
DA VINCI COMMUNICATIONS HS,El Segundo,Los Angeles,31,5,
DA VINCI CONNECT HIGH SCHOOL,El Segundo,Los Angeles,22,,
DA VINCI DESIGN HIGH SCHOOL,El Segundo,Los Angeles,13,,
DA VINCI SCIENCE HIGH SCHOOL,El Segundo,Los Angeles,28,3,
DANA HILLS HIGH SCHOOL,Dana Point,Orange,63,6,
DANIEL PEARL MAGNET HIGH SCHL,Van Nuys,Los Angeles,11,,
DAVID STARR JORDAN HS,Los Angeles,Los Angeles,14,,
DAVIS SCHOOL INDEPENDENT STUDY,Davis,Yolo,5,3,
DAVIS SENIOR HIGH SCHOOL,Davis,Yolo,225,22,14
DE ANZA HIGH SCHOOL,Richmond,Contra Costa,45,8,8
DEER VALLEY HIGH SCHOOL,Antioch,Contra Costa,24,3,3
DEL CAMPO HIGH SCHOOL,Fair Oaks,Sacramento,25,,
DEL LAGO ACADEMY,Escondido,San Diego,32,4,
DEL MAR HIGH SCHOOL,San Jose,Santa Clara,32,3,3
DEL NORTE HIGH SCHOOL,San Diego,San Diego,281,33,14
DEL ORO HIGH SCHOOL,Bakersfield,Kern,13,,
DEL ORO HIGH SCHOOL,Loomis,Placer,29,6,
DELANO HIGH SCHOOL,Delano,Kern,23,,
DELHI HIGH SCHOOL,Delhi,Merced,15,3,
DENAIR HIGH SCHOOL,Denair,Stanislaus,6,,
DESERT HIGH SCHOOL,Edwards,Kern,7,,
DESERT HOT SPRINGS HS,Desert Hot Springs,Riverside,30,5,3
DESERT MIRAGE HIGH SCHOOL,Thermal,Riverside,35,7,4
DESIGN SCIENCE MIDDLE COLG HS,Fresno,Fresno,33,6,5
DESIGN TECH HIGH SCHOOL,Redwood City,San Mateo,72,12,9
DIAMOND BAR HIGH SCHOOL,Diamond Bar,Los Angeles,299,54,32
DIAMOND RANCH HIGH SCHOOL,Pomona,Los Angeles,26,,
DINUBA HIGH SCHOOL,Dinuba,Tulare,24,,
DIXON HIGH SCHOOL,Dixon,Solano,25,,
DOMINGUEZ HIGH SCHOOL,Compton,Los Angeles,35,5,
DON ANTONIO LUGO HIGH SCHOOL,Chino,San Bernardino,16,3,3
DOS PALOS HIGH SCHOOL,Dos Palos,Merced,10,,
DOS PUEBLOS HIGH SCHOOL,Goleta,Santa Barbara,155,20,11
DOUGHERTY VALLEY HIGH SCHOOL,San Ramon,Contra Costa,542,44,32
DOWNEY HIGH SCHOOL,Downey,Los Angeles,98,8,3
DOWNTOWN COLG PREP EL PRIMERO,San Jose,Santa Clara,33,3,
DOWNTOWN MAGNETS HIGH SCHOOL,Los Angeles,Los Angeles,50,5,
DOZIER-LIBBEY MEDICAL HIGH SCH,Antioch,Contra Costa,29,8,3
DR MAYA ANGELOU COMMUNITY HS,Los Angeles,Los Angeles,24,6,3
DR RICHARD VLADOVIC HARBOR ACA,Wilmington,Los Angeles,53,9,3
DR TJ OWENS GILROY EARLY COLG,Gilroy,Santa Clara,34,7,4
DUARTE HIGH SCHOOL,Duarte,Los Angeles,23,,
DUBLIN HIGH SCHOOL,Dublin,Alameda,435,40,27
DUNCAN POLYTECHNICAL HS,Fresno,Fresno,17,3,
DURHAM HIGH SCHOOL,Durham,Butte,5,,
E3 CIVIC HIGH,San Diego,San Diego,10,,
EAGLE ROCK HIGH SCHOOL,Los Angeles,Los Angeles,98,21,16
EARLY COLLEGE ACAD LA TRADE TECH,Los Angeles,Los Angeles,10,,
EARLY COLLEGE HIGH SCHOOL,Costa Mesa,Orange,11,,
EAST BAKERSFIELD HIGH SCHOOL,Bakersfield,Kern,37,4,
EAST BAY INNOVATION ACADEMY,Oakland,Alameda,21,4,4
EAST COLLEGE PREP,Los Angeles,Los Angeles,19,,
EAST PALO ALTO ACADEMY,East Palo Alto,San Mateo,8,,
EAST UNION HIGH SCHOOL,Manteca,San Joaquin,19,,
EAST VALLEY HIGH SCHOOL,North Hollywood,Los Angeles,11,,
EAST VILLAGE MIDDLE COLLEGE HS,San Diego,San Diego,8,3,
EASTLAKE HIGH SCHOOL,Chula Vista,San Diego,133,10,7
EASTSIDE HIGH SCHOOL,Lancaster,Los Angeles,25,4,
EDGEWOOD HIGH SCHOOL,West Covina,Los Angeles,18,,
EDISON HIGH SCHOOL,Fresno,Fresno,62,21,13
EDISON HIGH SCHOOL,Huntington Beach,Orange,55,10,7
EDISON SENIOR HIGH SCHOOL,Stockton,San Joaquin,33,,
EDWARD C MERLO INSTITUTE,Stockton,San Joaquin,6,,
EDWARD R ROYBAL LEARNING CNTR,Los Angeles,Los Angeles,26,5,
EISENHOWER HIGH SCHOOL,Rialto,San Bernardino,37,,
EL CAJON VALLEY HIGH SCHOOL,El Cajon,San Diego,15,5,
EL CAMINO FUNDAMENTAL HS,Sacramento,Sacramento,27,,
EL CAMINO HIGH,South San Francisco,San Mateo,61,5,4
EL CAMINO HIGH SCHOOL,Oceanside,San Diego,38,,
EL CAMINO HIGH SCHOOL,Ventura,Ventura,11,,
EL CAMINO REAL CHARTER HIGH SC,Woodland Hills,Los Angeles,109,8,3
EL CAPITAN HIGH SCHOOL,Lakeside,San Diego,36,3,
EL CAPITAN HIGH SCHOOL,Merced,Merced,41,11,6
EL CERRITO HIGH SCHOOL,El Cerrito,Contra Costa,119,27,18
EL DIAMANTE HIGH SCHOOL,Visalia,Tulare,26,5,
EL DORADO HIGH SCHOOL,Placentia,Orange,51,4,
EL DORADO HIGH SCHOOL,Placerville,El Dorado,18,,
EL MODENA HIGH SCHOOL,Orange,Orange,29,3,
EL MONTE HIGH SCHOOL,El Monte,Los Angeles,42,4,
EL RANCHO HIGH SCHOOL,Pico Rivera,Los Angeles,50,11,3
EL SEGUNDO HIGH SCHOOL,El Segundo,Los Angeles,106,12,7
EL TORO HIGH SCHOOL,Lake Forest,Orange,52,,
ELEANOR ROOSEVELT HIGH SCHOOL,Eastvale,Riverside,159,23,8
ELIZABETH LEARNING CENTER,Cudahy,Los Angeles,15,,
ELK GROVE HIGH SCHOOL,Elk Grove,Sacramento,46,,
ELSIE ALLEN HIGH SCHOOL,Santa Rosa,Sonoma,16,,
ELSINORE HIGH SCHOOL,Wildomar,Riverside,18,3,
EMERY SECONDARY SCHOOL,Emeryville,Alameda,14,4,3
ENCINA HIGH SCHOOL,Sacramento,Sacramento,5,,
ENCINAL HIGH SCHOOL,Alameda,Alameda,62,5,4
ENTERPRISE HIGH SCHOOL,Redding,Shasta,17,,
ENVIRONMENTAL CHARTER HIGH SCH,Gardena,Los Angeles,7,,
ENVIRONMENTAL CHARTER HS LAWNDALE,Lawndale,Los Angeles,11,,
ENVISION ACAD ARTS/TECHNOLOGY,Oakland,Alameda,9,,
ERNEST RIGHETTI HIGH SCHOOL,Santa Maria,Santa Barbara,36,10,6
ERNEST S MCBRIDE SR HIGH SCHL,Long Beach,Los Angeles,40,9,6
ESCALON HIGH SCHOOL,Escalon,San Joaquin,13,,
ESCONDIDO CHARTER HIGH SCHOOL,Escondido,San Diego,21,,
ESCONDIDO HIGH SCHOOL,Escondido,San Diego,20,3,
ESPARTO HIGH SCHOOL,Esparto,Yolo,6,,
ESPERANZA COLLEGE PREP,Los Angeles,Los Angeles,24,3,
ESPERANZA HIGH SCHOOL,Anaheim,Orange,36,4,
ESTANCIA HIGH SCHOOL,Costa Mesa,Orange,15,,
ETIWANDA HIGH SCHOOL,Etiwanda,San Bernardino,67,7,5
EUREKA HIGH SCHOOL,Eureka,Humboldt,13,,
EVEREST PUBLIC HIGH SCHOOL,Redwood City,San Mateo,11,,
EVERETT ALVAREZ HIGH SCHOOL,Salinas,Monterey,67,7,4
EVERGREEN VALLEY HIGH SCHOOL,San Jose,Santa Clara,309,32,22
EXCEL ACADEMY CHARTER SCH-HELENDALE,Irvine,Orange,5,,
EXCELSIOR CHARTER SCHL VICTORVILLE,Victorville,San Bernardino,5,,
EXETER UNION HIGH SCHOOL,Exeter,Tulare,9,,
FAIRFAX HIGH SCHOOL,Los Angeles,Los Angeles,58,10,7
FAIRFIELD HIGH SCHOOL,Fairfield,Solano,17,,
FALLBROOK UNION HIGH SCHOOL,Fallbrook,San Diego,17,,
FARMERSVILLE HIGH SCHOOL,Farmersville,Tulare,10,,
FELICITAS AND GONZALO MENDEZ HS,Los Angeles,Los Angeles,17,6,3
FILLMORE HIGH SCHOOL,Fillmore,Ventura,19,5,
FIREBAUGH HIGH SCHOOL,Firebaugh,Fresno,13,,
FLORIN HIGH SCHOOL,Sacramento,Sacramento,42,6,3
FOLSOM HIGH SCHOOL,Folsom,Sacramento,144,8,6
FONTANA HIGH SCHOOL,Fontana,San Bernardino,55,5,
FOOTHILL HIGH SCHOOL,Bakersfield,Kern,15,,
FOOTHILL HIGH SCHOOL,Palo Cedro,Shasta,8,,
FOOTHILL HIGH SCHOOL,Pleasanton,Alameda,239,18,12
FOOTHILL HIGH SCHOOL,Sacramento,Sacramento,32,,
FOOTHILL HIGH SCHOOL,Santa Ana,Orange,75,12,5
FOOTHILL TECHNOLOGY HS,Ventura,Ventura,44,3,
FORT BRAGG HIGH SCHOOL,Fort Bragg,Mendocino,20,,
FORTUNA UNION HIGH SCHOOL,Fortuna,Humboldt,8,,
FOSHAY LEARNING CENTER,Los Angeles,Los Angeles,33,6,
FOUNTAIN VALLEY HIGH SCHOOL,Fountain Valley,Orange,146,15,5
FOWLER HIGH SCHOOL,Fowler,Fresno,30,7,3
FRANCISCO BRAVO MEDICAL MAGNET,Los Angeles,Los Angeles,72,7,
FRANKLIN HIGH SCHOOL,Elk Grove,Sacramento,131,14,8
FRANKLIN HIGH SCHOOL,Stockton,San Joaquin,30,4,3
FRED C BEYER HIGH SCHOOL,Modesto,Stanislaus,27,,
FREEDOM HIGH SCHOOL,Oakley,Contra Costa,50,5,3
FREMONT ACD ENGINEERING/DESIGN,Pomona,Los Angeles,8,,
FREMONT HIGH SCHOOL,Oakland,Alameda,40,,
FREMONT HIGH SCHOOL,Sunnyvale,Santa Clara,145,8,5
FRESNO HIGH SCHOOL,Fresno,Fresno,27,4,
FRONTIER HIGH SCHOOL,Bakersfield,Kern,27,,
FULLERTON UNION HIGH SCHOOL,Fullerton,Orange,39,4,
FUTURES HIGH SCHOOL,Sacramento,Sacramento,6,,
GABRIELINO HIGH SCHOOL,San Gabriel,Los Angeles,102,12,4
GALILEO ACAD OF SCIENCE & TECH,San Francisco,San Francisco,171,20,15
GALT HIGH SCHOOL,Galt,Sacramento,14,,
GANESHA HIGH SCHOOL,Pomona,Los Angeles,14,3,
GARDEN GROVE HIGH SCHOOL,Garden Grove,Orange,77,14,
GARDENA HIGH SCHOOL,Gardena,Los Angeles,19,4,
GAREY HIGH SCHOOL,Pomona,Los Angeles,23,5,
GATEWAY HIGH SCHOOL,San Francisco,San Francisco,47,5,3
GEORGE WASHINGTON HIGH SCHOOL,San Francisco,San Francisco,220,21,15
GEORGE WASHINGTON PREPARATORY,Los Angeles,Los Angeles,20,,
GHIDOTTI EARLY COLLEGE HIGH SCHOOL,Grass Valley,Nevada,8,,
GILROY HIGH SCHOOL,Gilroy,Santa Clara,35,3,
GIRLS ACADEMIC LEADERSHIP ACAD,Los Angeles,Los Angeles,40,7,
GLEN A WILSON HIGH SCHOOL,Hacienda Heights,Los Angeles,81,13,7
GLENDALE HIGH SCHOOL,Glendale,Los Angeles,40,5,3
GLENDORA HIGH SCHOOL,Glendora,Los Angeles,64,6,4
GOLDEN VALLEY HIGH SCHOOL,Bakersfield,Kern,45,3,
GOLDEN VALLEY HIGH SCHOOL,Merced,Merced,42,6,3
GOLDEN VALLEY HIGH SCHOOL,Santa Clarita,Los Angeles,35,6,3
GOLDEN WEST HIGH SCHOOL,Visalia,Tulare,17,,
GOMPERS PREPARATORY ACADEMY,San Diego,San Diego,35,7,3
GONZALES HIGH SCHOOL,Gonzales,Monterey,16,6,3
GRACE M DAVIS HIGH SCHOOL,Modesto,Stanislaus,39,5,3
GRANADA HIGH SCHOOL,Livermore,Alameda,110,11,8
GRANADA HILLS CHARTER HIGH SCH,Granada Hills,Los Angeles,293,34,12
GRAND TERRACE HIGH SCHOOL,Grand Terrace,San Bernardino,27,6,
GRANITE BAY HIGH SCHOOL,Granite Bay,Placer,131,19,11
GRANITE HILLS HIGH SCHOOL,Apple Valley,San Bernardino,27,4,
GRANITE HILLS HIGH SCHOOL,El Cajon,San Diego,40,4,
GRANITE HILLS HIGH SCHOOL,Porterville,Tulare,18,6,5
GRANT UNION HIGH SCHOOL,Sacramento,Sacramento,42,9,
GREAT OAK HIGH SCHOOL,Temecula,Riverside,120,11,9
GREEN DESIGN STEAM ACADEMY,Los Angeles,Los Angeles,15,,
GREENFIELD HIGH SCHOOL,Greenfield,Monterey,30,,
GRETCHEN WHITNEY HIGH SCHOOL,Cerritos,Los Angeles,119,23,13
GRIDLEY HIGH SCHOOL,Gridley,Butte,6,,
GRIFFIN ACADEMY HIGH SCHOOL,Vallejo,Solano,9,,
GROSSMONT HIGH SCHOOL,El Cajon,San Diego,27,7,3
GROVE HIGH SCHOOL,Redlands,San Bernardino,5,,
GUAJOME PARK ACADEMY,Vista,San Diego,9,,
GUSTINE HIGH SCHOOL,Gustine,Merced,7,,
HALF MOON BAY HIGH SCHOOL,Half Moon Bay,San Mateo,46,7,4
HAMILTON UNION HIGH SCHOOL,Hamilton City,Glenn,8,,
HANFORD HIGH SCHOOL,Hanford,Kings,11,,
HANFORD WEST HIGH SCHOOL,Hanford,Kings,21,5,
HARBOR HIGH SCHOOL,Santa Cruz,Santa Cruz,35,7,
HARMONY MAGNET ACADEMY,Strathmore,Tulare,15,5,
HAWTHORNE HIGH SCHOOL,Hawthorne,Los Angeles,31,,
HAWTHORNE MATH & SCIENCE ACAD,Hawthorne,Los Angeles,33,6,
HAYFORK HIGH SCHOOL,Hayfork,Trinity,6,,
HAYWARD HIGH SCHOOL,Hayward,Alameda,40,,
HAYWARD TWIN OAKS MONTESSORI,Hayward,Alameda,6,,
HEALDSBURG HIGH SCHOOL,Healdsburg,Sonoma,42,7,6
HEALTH CAREERS ACADEMY HS,Stockton,San Joaquin,30,3,3
HEALTH PROFESSIONS HIGH SCH,Sacramento,Sacramento,5,,
HEALTH SCIENCES HIGH/MID COLL,San Diego,San Diego,21,4,
HECTOR GODINEZ FUNDAMENTAL HS,Santa Ana,Orange,37,6,
HELEN BERNSTEIN HIGH SCHOOL,Hollywood,Los Angeles,12,,
HELIX HIGH SCHOOL,La Mesa,San Diego,114,10,7
HEMET HIGH SCHOOL,Hemet,Riverside,23,,
HENRY J KAISER HIGH SCHOOL,Fontana,San Bernardino,32,8,5
HENRY M GUNN SENIOR HIGH SCHL,Palo Alto,Santa Clara,261,40,18
HENRY T GUNDERSON HIGH SCHOOL,San Jose,Santa Clara,25,3,
HERBERT HOOVER HIGH SCHOOL,Fresno,Fresno,28,,
HERBERT HOOVER HIGH SCHOOL,Glendale,Los Angeles,44,,
HERCULES HIGH SCHOOL,Hercules,Contra Costa,54,12,11
HERITAGE HIGH SCHOOL,Brentwood,Contra Costa,114,7,5
HERITAGE HIGH SCHOOL,Menifee,Riverside,15,3,
HERITAGE PEAK CHARTER SCHOOL,Rio Linda,Sacramento,7,,
HESPERIA HIGH SCHOOL,Hesperia,San Bernardino,38,4,
HIGH SCHOOL AT MOORPARK COLL,Moorpark,Ventura,10,,
HIGH TECH HIGH - NORTH COUNTY,San Marcos,San Diego,19,,
HIGH TECH HIGH CHULA VISTA,Chula Vista,San Diego,30,3,
HIGH TECH HIGH INTERNATIONAL,San Diego,San Diego,18,4,3
HIGH TECH HIGH LA,Van Nuys,Los Angeles,24,,
HIGH TECH HIGH MEDIA ARTS,San Diego,San Diego,23,6,3
HIGH TECH HIGH MESA,San Diego,San Diego,24,,
HIGH TECH HIGH SCHOOL,San Diego,San Diego,32,6,4
HIGHLAND HIGH SCHOOL,Bakersfield,Kern,27,,
HIGHLAND HIGH SCHOOL,Palmdale,Los Angeles,39,4,
HIGHLANDS HIGH SCHOOL,North Highlands,Sacramento,8,,
HILLCREST HIGH SCHOOL,Riverside,Riverside,27,4,3
HILLSDALE HIGH SCHOOL,San Mateo,San Mateo,109,15,7
HILLTOP HIGH SCHOOL,Chula Vista,San Diego,42,9,4
HIRAM W JOHNSON HIGH SCHOOL,Sacramento,Sacramento,37,,
HOLLISTER HIGH SCHOOL,Hollister,San Benito,62,6,4
HOLLYWOOD HIGH SCHOOL,Los Angeles,Los Angeles,46,10,4
HOLTVILLE HIGH SCHOOL,Holtville,Imperial,8,,
HOMESTEAD HIGH SCHOOL,Cupertino,Santa Clara,293,26,19
HOOVER HIGH SCHOOL,San Diego,San Diego,62,13,4
HUENEME HIGH SCHOOL,Oxnard,Ventura,21,3,
HUGHSON HIGH SCHOOL,Hughson,Stanislaus,15,,
HUNTINGTON BEACH HIGH SCHOOL,Huntington Beach,Orange,114,22,13
HUNTINGTON PARK HIGH SCHOOL,Huntington Park,Los Angeles,43,9,4
HUNTINGTON PARK INST APPLD MEDICINE,Huntington Park,Los Angeles,20,7,
ICEF VIEW PARK PREPARATORY HIGH SCH,Los Angeles,Los Angeles,8,,
ILEAD EXPLORATION HYBRID,Acton,Los Angeles,10,4,
IMPACT ACAD ARTS/TECHNOLOGY,Hayward,Alameda,33,5,
IMPERIAL HIGH SCHOOL,Imperial,Imperial,11,,
INDEPENDENCE HIGH SCHOOL,Bakersfield,Kern,20,3,3
INDEPENDENCE HIGH SCHOOL,Roseville,Placer,5,,
INDEPENDENCE HIGH SCHOOL,San Francisco,San Francisco,15,,
INDEPENDENCE HIGH SCHOOL,San Jose,Santa Clara,78,6,3
INDERKUM HIGH SCHOOL,Sacramento,Sacramento,71,13,7
INDIAN SPRINGS HIGH SCHOOL,San Bernardino,San Bernardino,37,5,
INDIO HIGH SCHOOL,Indio,Riverside,28,6,3
INGLEWOOD HIGH SCHOOL,Inglewood,Los Angeles,12,,
INSPIRE SCHOOL OF ARTS AND SCIENCES,Chico,Butte,5,,
INTERNATIONAL POLYTECHNIC HS,Pomona,Los Angeles,30,,
INTERNATIONAL STUDIES LEARNING CTR,South Gate,Los Angeles,9,4,
INVICTUS ACADEMY OF RICHMOND,El Cerrito,Contra Costa,13,,
IRVINE HIGH SCHOOL,Irvine,Orange,175,14,8
IRVINGTON HIGH SCHOOL,Fremont,Alameda,319,31,26
JAMES A GARFIELD HIGH SCHOOL,Los Angeles,Los Angeles,61,11,5
JAMES C ENOCHS HIGH SCHOOL,Modesto,Stanislaus,78,8,3
JAMES LICK HIGH SCHOOL,San Jose,Santa Clara,15,4,
JAMES LOGAN HIGH SCHOOL,Union City,Alameda,174,19,14
JAMES MONROE HIGH SCHOOL,North Hills,Los Angeles,59,,
JEFFERSON HIGH SCHOOL,Daly City,San Mateo,48,3,
JESSE M BETHEL HIGH SCHOOL,Vallejo,Solano,29,4,
JOHANSEN HIGH SCHOOL,Modesto,Stanislaus,33,3,
JOHN A ROWLAND HIGH SCHOOL,Rowland Heights,Los Angeles,77,11,5
JOHN BURROUGHS HIGH SCHOOL,Burbank,Los Angeles,87,7,
JOHN C FREMONT HIGH SCHOOL,Los Angeles,Los Angeles,35,6,
JOHN C KIMBALL HIGH SCHOOL,Tracy,San Joaquin,72,5,3
JOHN F KENNEDY HIGH SCHOOL,Fremont,Alameda,69,6,3
JOHN F KENNEDY HIGH SCHOOL,Granada Hills,Los Angeles,65,7,3
JOHN F KENNEDY HIGH SCHOOL,La Palma,Orange,45,4,3
JOHN F KENNEDY HIGH SCHOOL,Richmond,Contra Costa,20,4,4
JOHN F KENNEDY HIGH SCHOOL,Sacramento,Sacramento,45,4,4
JOHN F KENNEDY MIDDLE COLG HS,Norco,Riverside,44,5,4
JOHN GLENN HIGH SCHOOL,Norwalk,Los Angeles,15,3,
JOHN H PITMAN HIGH SCHOOL,Turlock,Stanislaus,47,6,3
JOHN HENRY HIGH SCHOOL,Richmond,Contra Costa,19,3,3
JOHN MARSHALL FUNDAMENTAL SCH,Pasadena,Los Angeles,45,21,11
JOHN MARSHALL HIGH SCHOOL,Los Angeles,Los Angeles,92,11,7
JOHN MUIR HIGH SCHOOL,Pasadena,Los Angeles,30,4,
JOHN O'CONNELL HIGH SCHOOL,San Francisco,San Francisco,6,,
JOHN RANCIS POLYTECHNIC HIGH SCHOOL,Sun Valley,Los Angeles,47,6,
JOHN SWETT HIGH SCHOOL,Crockett,Contra Costa,14,,
JOHN W NORTH HIGH SCHOOL,Riverside,Riverside,43,10,4
JORDAN HIGH SCHOOL,Long Beach,Los Angeles,40,3,
JOSEPH A GREGORI HIGH SCHOOL,Modesto,Stanislaus,56,8,5
JUAN RODRIGUEZ CABRILLO HS,Long Beach,Los Angeles,34,4,4
JUNE JORDAN SCHOOL FOR EQUITY,San Francisco,San Francisco,5,,
JURUPA HILLS HIGH SCHOOL,Fontana,San Bernardino,24,3,
JURUPA VALLEY HIGH SCHOOL,Jurupa Valley,Riverside,13,3,
JUSTIN GARZA HIGH SCHOOL,Fresno,Fresno,23,4,
KATELLA HIGH SCHOOL,Anaheim,Orange,48,,
KEARNY COLLEGE CONNECTIONS,San Diego,San Diego,8,,
KEARNY DIGITAL MEDIA & DESIGN,San Diego,San Diego,7,,
KEARNY SCH BIOMED SCIENCE TECH,San Diego,San Diego,9,3,
KELSEYVILLE HIGH SCHOOL,Kelseyville,Lake,7,,
KERMAN HIGH SCHOOL,Kerman,Fresno,14,3,
KING CITY JOINT UNION HS,King City,Monterey,15,3,
KING DREW MAGNET HS MED/SCI,Los Angeles,Los Angeles,68,11,4
KINGSBURG HIGH SCHOOL,Kingsburg,Fresno,15,4,
KIPP ESPERANZA HIGH SCHOOL,East Palo Alto,San Mateo,14,,
KIPP KING COLLEGIATE HIGH SCH,San Lorenzo,Alameda,85,8,7
KIPP NAVIGATE COLLEGE PREP,San Jose,Santa Clara,24,,
KIPP SAN FRANCISCO COLG PREP,San Francisco,San Francisco,15,,
KIPP SAN JOSE COLLEGIATE,San Jose,Santa Clara,55,5,4
LA CANADA HIGH SCHOOL,La Canada,Los Angeles,170,21,7
LA CENTER ENRICHED STUDIES,Los Angeles,Los Angeles,81,17,
LA COSTA CANYON HIGH SCHOOL,Carlsbad,San Diego,51,6,4
LA HABRA HIGH SCHOOL,La Habra,Orange,28,5,
LA JOLLA HIGH,La Jolla,San Diego,118,22,10
LA MIRADA HIGH SCHOOL,La Mirada,Los Angeles,40,4,
LA PUENTE HIGH SCHOOL,La Puente,Los Angeles,14,,
LA QUINTA HIGH SCHOOL,La Quinta,Riverside,41,8,3
LA QUINTA HIGH SCHOOL,Westminster,Orange,108,14,6
LA SERNA HIGH SCHOOL,Whittier,Los Angeles,55,7,4
LA SIERRA HIGH SCHOOL,Riverside,Riverside,25,4,
LAGUNA BEACH HIGH SCHOOL,Laguna Beach,Orange,62,13,10
LAGUNA CREEK HIGH SCHOOL,Elk Grove,Sacramento,58,3,
LAGUNA HILLS HIGH SCHOOL,Laguna Hills,Orange,49,7,
LAKE BALBOA COLLEGE PREP K-12,Van Nuys,Los Angeles,13,4,
LAKESIDE HIGH SCHOOL,Lake Elsinore,Riverside,11,,
LAKEWOOD HIGH SCHOOL,Lakewood,Los Angeles,47,3,
LANCASTER HIGH SCHOOL,Lancaster,Los Angeles,27,4,
LARCHMONT CHARTER SCHOOL,Los Angeles,Los Angeles,51,7,
LAS LOMAS HIGH SCHOOL,Walnut Creek,Contra Costa,149,19,11
LAS PLUMAS HIGH SCHOOL,Oroville,Butte,11,,
LASSEN HIGH SCHOOL,Susanville,Lassen,5,,
LATHROP HIGH SCHOOL,Lathrop,San Joaquin,37,,
LATINO COLLEGE PREP ACADEMY,San Jose,Santa Clara,25,4,
LATITUDE 37.8 HS MERRITT COLLEGE,Oakland,Alameda,23,3,
LAWNDALE HIGH SCHOOL,Lawndale,Los Angeles,44,10,4
LE GRAND UNION HIGH SCHOOL,Le Grand,Merced,20,3,
LEADERSHIP PUBLIC SCH HAYWARD,Hayward,Alameda,45,6,6
LEADERSHIP PUBLIC SCH RICHMOND,Richmond,Contra Costa,31,7,3
LEGACY COLLEGE PREPARATORY,Santa Ana,Orange,25,,
LEGACY MAGNET ACADEMY,Tustin,Orange,46,7,
LEIGH HIGH SCHOOL,San Jose,Santa Clara,182,11,8
LELAND HIGH SCHOOL,San Jose,Santa Clara,189,31,24
LEMOORE MIDDLE COLLEGE HIGH SC,Lemoore,Kings,11,,
LEMOORE UNION HIGH SCHOOL,Lemoore,Kings,21,,
LENNOX MATH SCIENCE TECH ACAD,Inglewood,Los Angeles,32,3,
LEROY GREENE ACADEMY,Sacramento,Sacramento,16,,
LEUZINGER HIGH SCHOOL,Lawndale,Los Angeles,46,3,
LIBERTY HIGH SCHOOL,Bakersfield,Kern,40,7,3
LIBERTY HIGH SCHOOL,Brentwood,Contra Costa,62,6,4
LIBERTY HIGH SCHOOL,Madera,Madera,13,,
LIBERTY HIGH SCHOOL,Winchester,Riverside,32,5,
LIBERTY RANCH HIGH SCHOOL,Galt,Sacramento,11,,
LIBRA ACADEMY AT LINDA MARQUEZ HS,Huntington Park,Los Angeles,22,8,3
LIFE ACADEMY HIGH SCHOOL,Oakland,Alameda,19,4,4
LIFELINE EDUCATION CHARTER SCH,Compton,Los Angeles,8,,
LIGHTHOUSE COMMUNITY CHAR HS,Oakland,Alameda,29,,
LINCOLN HIGH SCHOOL,Lincoln,Placer,13,,
LINCOLN HIGH SCHOOL,San Diego,San Diego,33,5,
LINCOLN HIGH SCHOOL,Stockton,San Joaquin,66,7,3
LINDA MARQUEZ HS-SOCIAL JUSTICE,Huntington Park,Los Angeles,16,4,
LINDEN HIGH SCHOOL,Linden,San Joaquin,12,,
LINDHURST HIGH SCHOOL,Olivehurst,Yuba,14,3,3
LINDSAY HIGH SCHOOL,Lindsay,Tulare,29,7,3
LITTLEROCK HIGH SCHOOL,Littlerock,Los Angeles,10,,
LIVE OAK HIGH SCHOOL,Live Oak,Sutter,10,,
LIVE OAK HIGH SCHOOL,Morgan Hill,Santa Clara,36,7,5
LIVERMORE HIGH SCHOOL,Livermore,Alameda,67,8,5
LIVINGSTON HIGH SCHOOL,Livingston,Merced,26,8,4
LOARA HIGH SCHOOL,Anaheim,Orange,21,3,
LODESTAR LIGHTHOUSE COMM CHARTER SC,Oakland,Alameda,15,,
LODI HIGH SCHOOL,Lodi,San Joaquin,25,9,4
LOMPOC HIGH SCHOOL,Lompoc,Santa Barbara,24,5,
LONG BEACH POLYTECHNIC HS,Long Beach,Los Angeles,165,37,20
LOS ALAMITOS HIGH SCHOOL,Los Alamitos,Orange,139,23,9
LOS ALTOS HIGH SCHOOL,Hacienda Heights,Los Angeles,31,3,3
LOS ALTOS HIGH SCHOOL,Los Altos,Santa Clara,241,32,19
LOS AMIGOS HIGH SCHOOL,Fountain Valley,Orange,36,7,
LOS ANGELES COUNTY HS FOR THE ARTS,Los Angeles,Los Angeles,38,9,
LOS ANGELES HS OF THE ARTS,Los Angeles,Los Angeles,22,4,3
LOS ANGELES LEADERSHIP ACAD HS,Los Angeles,Los Angeles,8,,
LOS ANGELES SCHOOL GLOBAL STUDIES,Los Angeles,Los Angeles,6,,
LOS ANGELES SENIOR HIGH SCHOOL,Los Angeles,Los Angeles,38,7,
LOS BANOS HIGH SCHOOL,Los Banos,Merced,27,5,
LOS GATOS HIGH SCHOOL,Los Gatos,Santa Clara,207,18,14
LOS OSOS HIGH SCHOOL,Rancho Cucamonga,San Bernardino,127,15,9
LOWELL HIGH SCHOOL,San Francisco,San Francisco,363,42,29
LOWER LAKE HIGH SCHOOL,Lower Lake,Lake,9,,
LPS OAKLAND R&D CAMPUS,Oakland,Alameda,5,,
LUIS VALDEZ LEADERSHIP ACADEMY,San Jose,Santa Clara,9,,
LUTHER BURBANK HIGH SCHOOL,Sacramento,Sacramento,37,,
LYNBROOK HIGH SCHOOL,San Jose,Santa Clara,314,34,25
LYNWOOD HIGH SCHOOL,Lynwood,Los Angeles,29,,
M C LEARNING COMPLX-SCH OF BUS&TRSM,Los Angeles,Los Angeles,7,,
MADERA HIGH SCHOOL,Madera,Madera,32,7,5
MADERA SOUTH HIGH SCHOOL,Madera,Madera,29,4,3
MADISON HIGH SCHOOL,San Diego,San Diego,14,,
MADISON PARK ACADEMY,Oakland,Alameda,18,,
MAGNOLIA HIGH SCHOOL,Anaheim,Orange,34,5,
MAGNOLIA SCIENCE ACADEMY - 1 RESEDA,Reseda,Los Angeles,19,4,
MAGNOLIA SCIENCE ACADEMY 2 VALLEY,Van Nuys,Los Angeles,16,8,6
MAGNOLIA SCIENCE ACADEMY-SANTA ANA,Santa Ana,Orange,17,5,5
MAKING WAVES ACADEMY,Richmond,Contra Costa,49,9,4
MALIBU HIGH SCHOOL,Malibu,Los Angeles,25,9,5
MAMMOTH HIGH SCHOOL,Mammoth Lakes,Mono,9,,
MANTECA HIGH SCHOOL,Manteca,San Joaquin,35,4,
MANUAL ARTS SENIOR HIGH SCHOOL,Los Angeles,Los Angeles,23,4,
MAR VISTA HIGH SCHOOL,Imperial Beach,San Diego,22,3,
MARCO ANTONIO FIREBAUGH HS,Lynwood,Los Angeles,42,6,
MARE ISLAND TECHNOLOGY ACADEMY,Vallejo,Solano,16,,
MARIA CARRILLO HIGH SCHOOL,Santa Rosa,Sonoma,57,6,3
MARINA HIGH SCHOOL,Huntington Beach,Orange,68,10,
MARINA HIGH SCHOOL,Marina,Monterey,11,,
MARIPOSA COUNTY HIGH SCHOOL,Mariposa,Mariposa,5,,
MARK KEPPEL HIGH SCHOOL,Alhambra,Los Angeles,143,18,11
MARTIN LUTHER KING HIGH SCHOOL,Riverside,Riverside,63,11,6
MARYSVILLE CHARTER ACAD ARTS,Marysville,Yuba,9,3,
MARYSVILLE HIGH SCHOOL,Marysville,Yuba,10,,
MATH AND SCIENCE COLLEGE PREP,Los Angeles,Los Angeles,17,,
MATH SCIENCE TECHNOLOGY MAGNET,Los Angeles,Los Angeles,20,8,5
MATILDA TORRES HIGH SCHOOL,Madera,Madera,62,10,5
MAYFAIR HIGH SCHOOL,Lakewood,Los Angeles,25,,
MAYWOOD ACADEMY HIGH SCHOOL,Maywood,Los Angeles,10,,
MAYWOOD CTR ENRICHED STUDIES,Maywood,Los Angeles,28,8,
MCCLYMONDS HIGH SCHOOL,Oakland,Alameda,11,,
MCFARLAND HIGH SCHOOL,Mcfarland,Kern,16,,
MCKINLEYVILLE HIGH SCHOOL,Mckinleyville,Humboldt,5,,
MCLANE HIGH SCHOOL,Fresno,Fresno,62,6,4
MENDOCINO HIGH SCHOOL,Mendocino,Mendocino,15,6,
MENDOTA HIGH SCHOOL,Mendota,Fresno,18,4,
MENLO ATHERTON HIGH SCHOOL,Atherton,San Mateo,173,23,10
MERCED HIGH SCHOOL,Merced,Merced,37,3,
MERRILL F WEST HIGH SCHOOL,Tracy,San Joaquin,51,6,5
MERVYN M DYMALLY HIGH SCHOOL,Los Angeles,Los Angeles,13,,
MESA VERDE HIGH SCHOOL,Citrus Heights,Sacramento,15,,
MET SACRAMENTO HIGH SCHOOL,Sacramento,Sacramento,7,,
METWEST HIGH SCHOOL,Oakland,Alameda,17,,
MIDDLE COLLEGE HIGH SCHOOL,Los Angeles,Los Angeles,14,3,
MIDDLE COLLEGE HIGH SCHOOL,San Bernardino,San Bernardino,33,5,4
MIDDLE COLLEGE HIGH SCHOOL,San Pablo,Contra Costa,50,10,9
MIDDLE COLLEGE HIGH SCHOOL,Santa Ana,Orange,37,5,
MIDDLE COLLEGE HIGH SCHOOL,Stockton,San Joaquin,42,10,6
MIDDLETOWN HIGH SCHOOL,Middletown,Lake,6,,
MILLENNIUM HIGH SCHOOL,Tracy,San Joaquin,23,,
MILLS HIGH SCHOOL,Millbrae,San Mateo,127,17,8
MILPITAS HIGH SCHOOL,Milpitas,Santa Clara,215,19,14
MILPITAS MIDDLE COLLEGE HS,Milpitas,Santa Clara,9,,
MIRA COSTA HIGH SCHOOL,Manhattan Beach,Los Angeles,271,47,27
MIRA LOMA HIGH SCHOOL,Sacramento,Sacramento,101,28,21
MIRA MESA HIGH SCHOOL,San Diego,San Diego,74,15,11
MIRA MONTE HIGH SCHOOL,Bakersfield,Kern,24,3,
MIRAMONTE HIGH SCHOOL,Orinda,Contra Costa,157,16,4
MISSION BAY HIGH,San Diego,San Diego,57,5,5
MISSION EARLY COLLEGE HIGH SCH,Santa Clara,Santa Clara,23,,
MISSION HILLS HIGH SCHOOL,San Marcos,San Diego,93,6,3
MISSION OAK HIGH SCHOOL,Tulare,Tulare,21,6,
MISSION SAN JOSE HIGH SCHOOL,Fremont,Alameda,316,43,28
MISSION SENIOR HIGH SCHOOL,San Francisco,San Francisco,76,34,25
MISSION VIEJO HIGH SCHOOL,Mission Viejo,Orange,46,5,3
MISSION VISTA ACADEMY,Corona,Riverside,8,,
MISSION VISTA HIGH SCHOOL,Oceanside,San Diego,63,5,3
MODESTO HIGH SCHOOL,Modesto,Stanislaus,43,7,3
MONACHE HIGH SCHOOL,Porterville,Tulare,28,3,
MONROVIA HIGH SCHOOL,Monrovia,Los Angeles,37,3,3
MONTA VISTA HIGH SCHOOL,Cupertino,Santa Clara,321,33,25
MONTCLAIR HIGH SCHOOL,Montclair,San Bernardino,30,3,
MONTE VISTA HIGH SCHOOL,Danville,Contra Costa,225,28,20
MONTE VISTA HIGH SCHOOL,Spring Valley,San Diego,22,4,
MONTEBELLO HIGH SCHOOL,Montebello,Los Angeles,41,6,
MONTEREY HIGH SCHOOL,Monterey,Monterey,48,8,5
MONTEREY TRAIL HIGH SCHOOL,Elk Grove,Sacramento,72,3,
MONTGOMERY HIGH SCHOOL,San Diego,San Diego,42,6,5
MONTGOMERY HIGH SCHOOL,Santa Rosa,Sonoma,29,5,3
MOORPARK HIGH SCHOOL,Moorpark,Ventura,45,,
MORENO VALLEY HIGH SCHOOL,Moreno Valley,Riverside,34,4,
MORNINGSIDE HIGH SCHOOL,Inglewood,Los Angeles,14,3,
MORRO BAY HIGH SCHOOL,Morro Bay,San Luis Obispo,26,3,
MORSE HIGH SCHOOL,San Diego,San Diego,34,6,
MOUNT CARMEL HIGH SCHOOL,San Diego,San Diego,91,,
MOUNT DIABLO HIGH SCHOOL,Concord,Contra Costa,24,,
MOUNT EDEN HIGH SCHOOL,Hayward,Alameda,69,7,3
MOUNT EVEREST ACADEMY,San Diego,San Diego,12,3,
MOUNT MIGUEL HIGH SCHOOL,Spring Valley,San Diego,31,5,
MOUNT PLEASANT HIGH SCHOOL,San Jose,Santa Clara,26,4,4
MOUNT SAC EARLY COLLEGE ACADEMY,West Covina,Los Angeles,19,,
MOUNT SHASTA HIGH SCHOOL,Mount Shasta,Siskiyou,5,,
MOUNT WHITNEY HIGH SCHOOL,Visalia,Tulare,18,,
MOUNTAIN HOUSE HIGH SCHOOL,Mountain House,San Joaquin,262,30,22
MOUNTAIN VIEW HIGH SCHOOL,El Monte,Los Angeles,24,5,5
MOUNTAIN VIEW HIGH SCHOOL,Mountain View,Santa Clara,251,30,20
MURRIETA MESA HIGH SCHOOL,Murrieta,Riverside,31,4,
MURRIETA VALLEY HIGH SCHOOL,Murrieta,Riverside,34,5,
NAPA HIGH SCHOOL,Napa,Napa,34,7,5
NATHANIEL NARBONNE HIGH SCHOOL,Harbor City,Los Angeles,54,5,
NATOMAS CHARTER SCHOOL,Sacramento,Sacramento,23,4,4
NATOMAS HIGH SCHOOL,Sacramento,Sacramento,25,,
NATOMAS PACIFIC PATHWAYS PREP,Sacramento,Sacramento,34,6,3
NAVA COLLEGE PREP ACADEMY,Los Angeles,Los Angeles,26,4,
NEVADA UNION HIGH SCHOOL,Grass Valley,Nevada,19,,
NEW DESIGNS CHARTER SCHOOL,Los Angeles,Los Angeles,11,,
NEW OPEN WORLD ACADEMY,Los Angeles,Los Angeles,15,,
NEW TECHNOLOGY HIGH SCHOOL,Napa,Napa,11,,
NEW WEST CHARTER SCHOOL,Los Angeles,Los Angeles,69,7,4
NEWARK MEMORIAL HIGH SCHOOL,Newark,Alameda,64,11,8
NEWBURY PARK HIGH SCHOOL,Newbury Park,Ventura,80,11,5
NEWPORT HARBOR HIGH SCHOOL,Newport Beach,Orange,66,8,3
NIPOMO HIGH SCHOOL,Nipomo,San Luis Obispo,7,,
NOGALES HIGH SCHOOL,La Puente,Los Angeles,31,3,
NORCO HIGH SCHOOL,Norco,Riverside,9,,
NORDHOFF HIGH SCHOOL,Ojai,Ventura,17,,
NORTE VISTA SENIOR HIGH SCHOOL,Riverside,Riverside,19,6,4
NORTH HIGH SCHOOL,Bakersfield,Kern,10,,
NORTH HIGH SCHOOL,Torrance,Los Angeles,62,12,4
NORTH HOLLYWOOD HIGH SCHOOL,North Hollywood,Los Angeles,138,25,10
NORTH MONTEREY COUNTY HIGH SCH,Castroville,Monterey,29,5,
NORTH SALINAS HIGH SCHOOL,Salinas,Monterey,51,8,4
NORTH TAHOE HIGH SCHOOL,Tahoe City,Placer,20,3,
NORTHCOAST PREPARATORY ACADEMY,Arcata,Humboldt,7,,
NORTHGATE HIGH SCHOOL,Walnut Creek,Contra Costa,119,13,8
NORTHRIDGE ACADEMY HIGH SCHOOL,Northridge,Los Angeles,14,,
NORTHVIEW HIGH SCHOOL,Covina,Los Angeles,21,3,
NORTHWOOD HIGH SCHOOL,Irvine,Orange,287,34,12
NORTON SCIENCE & LANGUAGE ACADEMY,San Bernardino,San Bernardino,5,,
NORWALK HIGH SCHOOL,Norwalk,Los Angeles,35,,
NOVA ACADEMY EARLY COLLEGE HS,Santa Ana,Orange,10,,
NOVATO HIGH SCHOOL,Novato,Marin,54,10,5
NUVIEW BRIDGE EARLY COLLEGE HS,Nuevo,Riverside,7,,
OAK GROVE HIGH SCHOOL,San Jose,Santa Clara,53,3,3
OAK HILLS HIGH SCHOOL,Oak Hills,San Bernardino,27,5,
OAK PARK HIGH SCHOOL,Oak Park,Ventura,123,8,4
OAK PARK INDEPENDENT SCH,Oak Park,Ventura,7,,
OAK RIDGE HIGH SCHOOL,El Dorado Hills,El Dorado,121,15,12
OAKDALE HIGH SCHOOL,Oakdale,Stanislaus,13,,
OAKLAND CHARTER HIGH SCHOOL,Oakland,Alameda,37,13,8
OAKLAND HIGH SCHOOL,Oakland,Alameda,92,14,8
OAKLAND INTERNATIONAL HIGH SCH,Oakland,Alameda,15,,
OAKLAND MILITARY INST COL PREP,Oakland,Alameda,19,,
OAKLAND SCHOOL FOR THE ARTS,Oakland,Alameda,26,3,
OAKLAND TECHNICAL HIGH SCHOOL,Oakland,Alameda,190,27,12
OAKLAND UNITY HIGH SCHOOL,Oakland,Alameda,23,,
OAKMONT HIGH SCHOOL,Roseville,Placer,35,6,5
OCEAN GROVE CHARTER SCHOOL,Placerville,El Dorado,7,,
OCEAN VIEW HIGH SCHOOL,Huntington Beach,Orange,24,4,
OCEANA HIGH SCHOOL,Pacifica,San Mateo,53,7,3
OCEANSIDE HIGH SCHOOL,Oceanside,San Diego,36,4,
ODYSSEY STEM ACADEMY,Lakewood,Los Angeles,30,,
OFARRELL CHARTER SCHOOL,San Diego,San Diego,25,,
OLYMPIAN HIGH SCHOOL,Chula Vista,San Diego,89,6,4
ONTARIO HIGH SCHOOL,Ontario,San Bernardino,33,3,
OPTIONS FOR YOUTH - ACTON-FONTANA 2,Fontana,San Bernardino,7,,
OPTIONS FOR YOUTH DUARTE - PASADENA,Pasadena,Los Angeles,12,,
ORANGE COUNTY HS OF THE ARTS,Santa Ana,Orange,192,44,21
ORANGE COVE HIGH SCHOOL,Orange Cove,Fresno,9,3,
ORANGE GLEN HIGH SCHOOL,Escondido,San Diego,31,7,5
ORANGE HIGH SCHOOL,Orange,Orange,12,,
ORANGE VISTA HIGH SCHOOL,Perris,Riverside,55,10,
ORCUTT ACADEMY CHARTER HIGH SCHOOL,Orcutt,Santa Barbara,22,4,
ORESTIMBA HIGH SCHOOL,Newman,Stanislaus,18,,
ORLAND HIGH SCHOOL,Orland,Glenn,11,,
OROSI HIGH SCHOOL,Orosi,Tulare,11,,
OROVILLE HIGH SCHOOL,Oroville,Butte,11,,
ORTHOPAEDIC HOSPITAL MAGNET HS,Los Angeles,Los Angeles,29,6,4
OSCAR DE LA HOYA ANIMO CHARTER,Los Angeles,Los Angeles,22,5,
OTAY RANCH HIGH SCHOOL,Chula Vista,San Diego,87,11,7
OXFORD ACADEMY,Cypress,Orange,120,17,6
OXFORD DAY ACADEMY,East Palo Alto,San Mateo,6,,
OXNARD HIGH SCHOOL,Oxnard,Ventura,47,5,
OXNARD MIDDLE COLLEGE HIGH SCH,Oxnard,Ventura,17,,
PACHECO HIGH SCHOOL,Los Banos,Merced,37,4,
PACIFIC COAST ACADEMY,Poway,San Diego,6,,
PACIFIC COLLEGIATE SCHOOL,Santa Cruz,Santa Cruz,36,10,7
PACIFIC GROVE HIGH SCHOOL,Pacific Grove,Monterey,42,6,3
PACIFIC HIGH SCHOOL,San Bernardino,San Bernardino,27,3,
PACIFIC LAW ACADEMY,Stockton,San Joaquin,8,,
PACIFICA HIGH SCHOOL,Garden Grove,Orange,45,,
PACIFICA HIGH SCHOOL,Oxnard,Ventura,44,10,7
PAJARO VALLEY HS,Watsonville,Santa Cruz,34,5,
PALISADES CHARTER HIGH SCHOOL,Pacific Palisades,Los Angeles,265,38,16
PALM DESERT HIGH SCHOOL,Palm Desert,Riverside,54,11,5
PALM SPRINGS HIGH SCHOOL,Palm Springs,Riverside,31,4,
PALMDALE ACADEMY CHARTER,Palmdale,Los Angeles,16,,
PALMDALE AEROSPACE ACADEMY,Palmdale,Los Angeles,31,6,
PALMDALE HIGH SCHOOL,Palmdale,Los Angeles,22,3,
PALO ALTO SENIOR HIGH SCHOOL,Palo Alto,Santa Clara,285,41,26
PALOMA VALLEY HIGH SCHOOL,Menifee,Riverside,26,5,3
PALOS VERDES HIGH SCHOOL,Palos Verdes Estate,Los Angeles,117,25,12
PALOS VERDES PENINSULA HS,Rolling Hills Estat,Los Angeles,236,42,25
PANORAMA HIGH SCHOOL,Panorama City,Los Angeles,26,11,8
PARADISE HIGH SCHOOL,Paradise,Butte,6,,
PARAMOUNT HIGH SCHOOL,Paramount,Los Angeles,75,7,
PARLIER HIGH SCHOOL,Parlier,Fresno,15,,
PASADENA HIGH SCHOOL,Pasadena,Los Angeles,62,13,5
PASO ROBLES HIGH SCHOOL,Paso Robles,San Luis Obispo,27,5,
PATRICK HENRY HIGH SCHOOL,San Diego,San Diego,109,4,
PATRIOT HIGH SCHOOL,Jurupa Valley,Riverside,32,4,
PATTERSON HIGH SCHOOL,Patterson,Stanislaus,33,7,3
PERFORMING ARTS COMMUNITY SCHO,Los Angeles,Los Angeles,21,3,
PERRIS HIGH SCHOOL,Perris,Riverside,7,3,
PETALUMA HIGH SCHOOL,Petaluma,Sonoma,55,3,
PHILLIP & SALA BURTON ACAD HS,San Francisco,San Francisco,79,4,
PHINEAS BANNING HIGH SCHOOL,Wilmington,Los Angeles,48,4,
PIEDMONT HIGH SCHOOL,Piedmont,Alameda,116,17,10
PIEDMONT HILLS HIGH SCHOOL,San Jose,Santa Clara,150,15,8
PIERCE HIGH SCHOOL,Arbuckle,Colusa,10,,
PINER HIGH SCHOOL,Santa Rosa,Sonoma,22,,
PINOLE VALLEY HIGH SCHOOL,Pinole,Contra Costa,59,6,4
PIONEER HIGH SCHOOL,San Jose,Santa Clara,99,17,13
PIONEER HIGH SCHOOL,Whittier,Los Angeles,33,5,
PIONEER HIGH SCHOOL,Woodland,Yolo,36,6,
PIONEER VALLEY HIGH SCHOOL,Santa Maria,Santa Barbara,51,11,4
PITTSBURG HIGH SCHOOL,Pittsburg,Contra Costa,93,13,10
PLACER HIGH SCHOOL,Auburn,Placer,13,,
PLEASANT GROVE HIGH SCHOOL,Elk Grove,Sacramento,99,4,
PLEASANT VALLEY SR HIGH SCHOOL,Chico,Butte,21,3,
POINT LOMA HIGH SCHOOL,San Diego,San Diego,86,7,3
POMONA HIGH SCHOOL,Pomona,Los Angeles,11,,
PONDEROSA HIGH SCHOOL,Shingle Springs,El Dorado,26,,
PORT OF LOS ANGELES HS,San Pedro,Los Angeles,27,,
PORTERVILLE HIGH SCHOOL,Porterville,Tulare,16,3,
PORTOLA HIGH SCHOOL,Irvine,Orange,288,30,11
PORTOLA JUNIOR SENIOR HIGH SCHOOL,Portola,Plumas,6,,
POWAY HIGH SCHOOL,Poway,San Diego,71,7,3
POWAY TO PALOMAR MIDDLE COLLEGE,San Diego,San Diego,9,,
PREUSS SCHOOL UCSD,La Jolla,San Diego,49,12,5
PROSPECT HIGH SCHOOL,Saratoga,Santa Clara,94,13,10
PUBLIC SAFETY ACADEMY,Fairfield,Solano,7,,
PUBLIC SERVICE COMMUNITY SCHOO,Los Angeles,Los Angeles,15,3,
PUC CALS MIDDLE AND EARLY COLL,Los Angeles,Los Angeles,7,,
PUC COMMUNITY CHARTER EARLY COLL HS,Sylmar,Los Angeles,17,3,
PUC EARLY COLG ACADEMY LEADERS,Los Angeles,Los Angeles,5,,
PUC LAKEVIEW CHARTER HIGH SCHL,Sylmar,Los Angeles,23,,
PUC TRIUMPH CHARTER ACADEMY HS,Sylmar,Los Angeles,5,,
QUARTZ HILL HIGH SCHOOL,Quartz Hill,Los Angeles,82,12,8
QUINCY JUNIOR SENIOR HIGH SCHOOL,Quincy,Plumas,6,,
RAMONA HIGH SCHOOL,Ramona,San Diego,14,,
RAMONA HIGH SCHOOL,Riverside,Riverside,47,5,
RANCHO ALAMITOS HIGH SCHOOL,Garden Grove,Orange,28,4,3
RANCHO BERNARDO HIGH SCHOOL,San Diego,San Diego,104,8,6
RANCHO BUENA VISTA HIGH SCHOOL,Vista,San Diego,43,4,
RANCHO CAMPANA HIGH SCHOOL,Camarillo,Ventura,48,9,4
RANCHO COTATE HIGH SCHOOL,Rohnert Park,Sonoma,29,,
RANCHO CUCAMONGA HIGH SCHOOL,Rancho Cucamonga,San Bernardino,94,14,5
RANCHO DOMINGUEZ PREP SCHOOL,Long Beach,Los Angeles,12,,
RANCHO MIRAGE HIGH SCHOOL,Rancho Mirage,Riverside,22,3,
RANCHO SAN JUAN HIGH SCHOOL,Salinas,Monterey,66,20,8
RANCHO VERDE HIGH SCHOOL,Moreno Valley,Riverside,41,,
RAOUL WALLENBERG TRADITIONAL,San Francisco,San Francisco,49,8,4
RED BLUFF HIGH SCHOOL,Red Bluff,Tehama,16,3,3
REDLANDS EAST VALLEY HS,Redlands,San Bernardino,32,4,
REDLANDS HIGH SCHOOL,Redlands,San Bernardino,83,19,8
REDONDO UNION HIGH SCHOOL,Redondo Beach,Los Angeles,166,23,16
REDWOOD HIGH SCHOOL,Larkspur,Marin,193,26,16
REDWOOD HIGH SCHOOL,Visalia,Tulare,44,9,
REEDLEY HIGH SCHOOL,Reedley,Fresno,34,5,4
REEDLEY MIDDLE COLLEGE HS,Reedley,Fresno,14,3,
RENAISSANCE ARTS ACADEMY,Los Angeles,Los Angeles,17,4,
RENAISSANCE HIGH SCHOOL ARTS,Long Beach,Los Angeles,7,3,
RESEDA HIGH SCHOOL,Reseda,Los Angeles,40,12,5
REX & MARGARET FORTUNE ECHS,Elk Grove,Sacramento,5,,
RIALTO HIGH SCHOOL,Rialto,San Bernardino,26,4,
RICHARD GAHR HIGH SCHOOL,Cerritos,Los Angeles,44,,
RICHMOND HIGH SCHOOL,Richmond,Contra Costa,56,10,8
RIDGEVIEW HIGH SCHOOL,Bakersfield,Kern,53,4,3
RIM OF THE WORLD HIGH SCHOOL,Lake Arrowhead,San Bernardino,12,,
RIO AMERICANO HIGH SCHOOL,Sacramento,Sacramento,70,8,4
RIO LINDA SENIOR HIGH SCHOOL,Rio Linda,Sacramento,28,,
RIO MESA HIGH SCHOOL,Oxnard,Ventura,14,4,
RIO VISTA HIGH SCHOOL,Rio Vista,Solano,6,,
RIPON HIGH SCHOOL,Ripon,San Joaquin,22,,
RISE KOHYANG HIGH SCHOOL,Los Angeles,Los Angeles,36,3,
RIVER CITY HIGH SCHOOL,West Sacramento,Yolo,66,3,
RIVER SPRINGS CHARTER SCHOOL,Temecula,Riverside,7,,
RIVER VALLEY HIGH SCHOOL,Yuba City,Sutter,36,7,4
RIVERBANK HIGH SCHOOL,Riverbank,Stanislaus,11,,
RIVERDALE HIGH SCHOOL,Riverdale,Fresno,5,,
RIVERSIDE POLY HIGH SCHOOL,Riverside,Riverside,42,10,5
RIVERSIDE PREPARATORY,Oro Grande,San Bernardino,13,,
RIVERSIDE STEM ACADEMY,Riverside,Riverside,30,4,
ROBERT A MILLIKAN HIGH SCHOOL,Long Beach,Los Angeles,147,28,11
ROBERT F KENNEDY HIGH SCHOOL,Delano,Kern,24,5,3
ROBERT FULTON COLLEGE PREP SCH,Van Nuys,Los Angeles,18,3,
ROBERTO CRUZ LEADERSHIP ACDMY,San Jose,Santa Clara,11,,
ROCKLIN HIGH SCHOOL,Rocklin,Placer,66,7,3
RONALD E MCNAIR HIGH SCHOOL,Stockton,San Joaquin,27,5,3
ROSAMOND HIGH SCHOOL,Rosamond,Kern,9,,
ROSELAND COLLEGIATE PREP,Santa Rosa,Sonoma,10,,
ROSELAND UNIVERSITY PREP,Santa Rosa,Sonoma,13,,
ROSEMEAD HIGH SCHOOL,Rosemead,Los Angeles,46,10,4
ROSEMONT HIGH SCHOOL,Sacramento,Sacramento,38,,
ROSEVILLE HIGH SCHOOL,Roseville,Placer,21,3,3
ROYAL HIGH SCHOOL,Simi Valley,Ventura,38,8,5
RUBEN S AYALA HIGH SCHOOL,Chino Hills,San Bernardino,171,31,20
RUBIDOUX HIGH SCHOOL,Jurupa Valley,Riverside,21,4,
RUTH ASAWA SCHOOL OF THE ARTS,San Francisco,San Francisco,93,20,13
SACRAMENTO HIGH SCHOOL,Sacramento,Sacramento,12,,
SADDLEBACK HIGH SCHOOL,Santa Ana,Orange,20,,
SAGE CREEK HIGH SCHOOL,Carlsbad,San Diego,106,9,6
SAGE OAK CHARTER,Redlands,San Bernardino,6,,
SAINT HELENA HIGH SCHOOL,Saint Helena,Napa,15,,
SALINAS HIGH SCHOOL,Salinas,Monterey,63,10,8
SAMUELI ACADEMY,Santa Ana,Orange,18,3,
SAN BERNARDINO HIGH SCHOOL,San Bernardino,San Bernardino,13,,
SAN CLEMENTE HIGH SCHOOL,San Clemente,Orange,88,8,6
SAN DIEGO HIGH SCHOOL,San Diego,San Diego,75,14,9
SAN DIEGO SCHL CREATE/PERFORM,San Diego,San Diego,16,4,
SAN DIEGUITO ACADEMY,Encinitas,San Diego,158,23,11
SAN DIMAS HIGH SCHOOL,San Dimas,Los Angeles,40,,
SAN FERNANDO HIGH SCHOOL,San Fernando,Los Angeles,39,9,
SAN FRANCISCO INTERNATIONAL HS,San Francisco,San Francisco,24,6,6
SAN GABRIEL HIGH SCHOOL,San Gabriel,Los Angeles,85,11,6
SAN GORGONIO HIGH SCHOOL,San Bernardino,San Bernardino,21,6,
SAN JACINTO HIGH SCHOOL,San Jacinto,Riverside,22,5,3
SAN JACINTO LEADERSHIP ACADEMY,San Jacinto,Riverside,14,6,
SAN JACINTO VALLEY ACADEMY,San Jacinto,Riverside,8,,
SAN JOSE HIGH SCHOOL,San Jose,Santa Clara,14,,
SAN JUAN HIGH SCHOOL,Citrus Heights,Sacramento,12,,
SAN JUAN HILLS HIGH SCHOOL,San Juan Capistrano,Orange,103,6,3
SAN LEANDRO HIGH SCHOOL,San Leandro,Alameda,110,7,5
SAN LORENZO HIGH SCHOOL,San Lorenzo,Alameda,33,3,3
SAN LORENZO VALLEY HIGH SCHOOL,Felton,Santa Cruz,23,8,3
SAN LUIS OBISPO HIGH SCHOOL,San Luis Obispo,San Luis Obispo,100,16,11
SAN MARCOS HIGH SCHOOL,San Marcos,San Diego,129,10,9
SAN MARCOS HIGH SCHOOL,Santa Barbara,Santa Barbara,82,18,12
SAN MARIN HIGH SCHOOL,Novato,Marin,63,4,
SAN MARINO HIGH SCHOOL,San Marino,Los Angeles,104,17,8
SAN MATEO HIGH SCHOOL,San Mateo,San Mateo,132,18,10
SAN PASQUAL HIGH SCHOOL,Escondido,San Diego,35,5,3
SAN PEDRO HIGH SCHOOL,San Pedro,Los Angeles,59,10,7
SAN RAFAEL HIGH SCHOOL,San Rafael,Marin,51,9,8
SAN RAMON VALLEY HIGH SCHOOL,Danville,Contra Costa,105,23,14
SAN YSIDRO HIGH SCHOOL,San Diego,San Diego,61,16,8
SANGER HIGH SCHOOL,Sanger,Fresno,36,7,
SANGER WEST HIGH SCHOOL,Fresno,Fresno,28,,
SANTA ANA HIGH SCHOOL,Santa Ana,Orange,47,12,6
SANTA BARBARA SENIOR HIGH SCHO,Santa Barbara,Santa Barbara,118,14,6
SANTA CLARA HIGH SCHOOL,Santa Clara,Santa Clara,106,12,10
SANTA CRUZ HIGH SCHOOL,Santa Cruz,Santa Cruz,75,13,7
SANTA FE HIGH SCHOOL,Santa Fe Springs,Los Angeles,37,4,3
SANTA MARIA HIGH SCHOOL,Santa Maria,Santa Barbara,70,8,4
SANTA MONICA HIGH SCHOOL,Santa Monica,Los Angeles,259,67,38
SANTA PAULA HIGH SCHOOL,Santa Paula,Ventura,31,4,
SANTA ROSA ACADEMY,Menifee,Riverside,9,,
SANTA ROSA HIGH SCHOOL,Santa Rosa,Sonoma,33,,
SANTA SUSANA HIGH SCHOOL,Simi Valley,Ventura,41,,
SANTA TERESA HIGH SCHOOL,San Jose,Santa Clara,104,14,7
SANTA YNEZ VALLEY UNION HS,Santa Ynez,Santa Barbara,22,7,
SANTANA HIGH SCHOOL,Santee,San Diego,23,4,3
SANTEE EDUCATION COMPLEX,Los Angeles,Los Angeles,48,7,5
SANTIAGO HIGH SCHOOL,Corona,Riverside,84,19,7
SANTIAGO HIGH SCHOOL,Garden Grove,Orange,45,9,6
SARATOGA HIGH SCHOOL,Saratoga,Santa Clara,215,21,11
SATO ACADEMY OF MATH & SCIENCE,Long Beach,Los Angeles,45,5,
SAUGUS HIGH SCHOOL,Santa Clarita,Los Angeles,53,7,5
SAVANNA HIGH SCHOOL,Anaheim,Orange,26,5,
SCH SOCIAL JUSTICE-CONT LEARN CTR,Los Angeles,Los Angeles,7,,
SCHL ENTREPRENEURSHIP & TECH,San Diego,San Diego,8,,
SCHOOL OF ARTS AND ENTERPRISE,Pomona,Los Angeles,14,,
SCHOOL OF ENGINEERING & SCIENCES,Sacramento,Sacramento,8,,
SCHOOL VISUAL ARTS AND HUMANITIES,Los Angeles,Los Angeles,10,3,
SCHURR HIGH SCHOOL,Montebello,Los Angeles,43,8,3
SCIENCE ACADEMY STEM MAGNET,North Hollywood,Los Angeles,38,5,
SCOTTS VALLEY HIGH SCHOOL,Scotts Valley,Santa Cruz,30,8,4
SCRIPPS RANCH HIGH,San Diego,San Diego,151,10,6
SEASIDE HIGH SCHOOL,Seaside,Monterey,14,,
SEGERSTROM HIGH SCHOOL,Santa Ana,Orange,63,9,4
SELMA HIGH SCHOOL,Selma,Fresno,28,5,4
SEQUOIA HIGH SCHOOL,Redwood City,San Mateo,87,16,10
SERRANO HIGH SCHOOL,Phelan,San Bernardino,16,3,
SHADOW HILLS HIGH SCHOOL,Indio,Riverside,16,3,
SHAFTER HIGH SCHOOL,Shafter,Kern,7,,
SHASTA CHARTER ACADEMY,Redding,Shasta,5,,
SHASTA HIGH SCHOOL,Redding,Shasta,11,,
SHELDON HIGH SCHOOL,Sacramento,Sacramento,61,4,
SHERMAN E BURROUGHS HS,Ridgecrest,Kern,8,,
SHERMAN OAKS CTR ENRCHED STDS,Tarzana,Los Angeles,50,7,
SIERRA ACADEMY EXPEDITION LRNG,Nevada City,Nevada,8,,
SIERRA HIGH SCHOOL,Manteca,San Joaquin,24,,
SIERRA PACIFIC HIGH SCHOOL,Hanford,Kings,14,,
SIERRA VISTA HIGH SCHOOL,Baldwin Park,Los Angeles,34,7,5
SILVER CREEK HIGH SCHOOL,San Jose,Santa Clara,135,16,11
SILVERADO HIGH SCHOOL,Victorville,San Bernardino,19,,
SIMI VALLEY HIGH SCHOOL,Simi Valley,Ventura,29,,
SKYLINE HIGH SCHOOL,Oakland,Alameda,85,16,10
SOAR HIGH SCHOOL,Lancaster,Los Angeles,43,6,3
SOCIAL JUSTICE HUMANITAS ACAD,San Fernando,Los Angeles,19,4,
SOJOURNER TRUTH INDEPENDENT STUDY,Oakland,Alameda,5,,
SOLEDAD HIGH SCHOOL,Soledad,Monterey,32,5,3
SONIA SOTOMAYOR ARTS & SCIENCE ACAD,Los Angeles,Los Angeles,10,,
SONOMA VALLEY HIGH SCHOOL,Sonoma,Sonoma,28,8,4
SONORA HIGH SCHOOL,La Habra,Orange,42,4,
SONORA HIGH SCHOOL,Sonora,Tuolumne,9,4,3
SOQUEL HIGH SCHOOL,Soquel,Santa Cruz,54,7,3
SOUTH EAST HIGH SCHOOL,South Gate,Los Angeles,56,5,4
SOUTH EL MONTE HIGH SCHOOL,South El Monte,Los Angeles,30,7,3
SOUTH FORK HIGH SCHOOL,Miranda,Humboldt,7,,
SOUTH GATE HIGH SCHOOL,South Gate,Los Angeles,32,7,3
SOUTH HIGH SCHOOL,Bakersfield,Kern,36,6,3
SOUTH HIGH SCHOOL,Torrance,Los Angeles,121,13,7
SOUTH HILLS HIGH SCHOOL,West Covina,Los Angeles,49,9,
SOUTH LA COLLEGE PREP,Los Angeles,Los Angeles,17,,
SOUTH PASADENA HIGH SCHOOL,South Pasadena,Los Angeles,141,10,7
SOUTH SAN FRANCISCO HS,South San Francisco,San Mateo,39,3,
SOUTH SUTTER CHARTER SCHOOL,Nicolaus,Sutter,5,,
SOUTH TAHOE HIGH SCHOOL,South Lake Tahoe,El Dorado,20,5,
SOUTHWEST HIGH SCHOOL,El Centro,Imperial,34,4,
SOUTHWEST HIGH SCHOOL,San Diego,San Diego,37,6,6
STAGG HIGH SCHOOL,Stockton,San Joaquin,14,,
STEAM AT LEGACY HIGH SCHOOL COMPLEX,South Gate,Los Angeles,12,,
STEELE CANYON HIGH SCHOOL,Spring Valley,San Diego,66,4,
STELLA HIGH CHARTER ACADEMY,Los Angeles,Los Angeles,19,,
STEM ACADEMY OF HOLLYWOOD,Hollywood,Los Angeles,23,5,3
STOCKDALE HIGH SCHOOL,Bakersfield,Kern,77,10,5
STOCKTON COLLEGIATE INTL HIGH SCHOO,Stockton,San Joaquin,11,,
STOCKTON EARLY COLLEGE ACADEMY,Stockton,San Joaquin,48,4,3
SULTANA HIGH SCHOOL,Hesperia,San Bernardino,25,,
SUMMERVILLE UNION HIGH SCHOOL,Tuolumne,Tuolumne,8,,
SUMMIT COLLEGIATE HIGH SCHOOL,Porterville,Tulare,10,,
SUMMIT HIGH SCHOOL,Fontana,San Bernardino,41,3,
SUMMIT PREPARATORY CHARTER HIG,Redwood City,San Mateo,25,3,
SUMMIT PUBLIC SCHOOL K2,El Cerrito,Contra Costa,29,,
SUMMIT PUBLIC SCHOOL TAMALPAIS,San Pablo,Contra Costa,38,5,3
SUMMIT PUBLIC SCHOOL-TAHOMA,San Jose,Santa Clara,39,,
SUMMIT PUBLIC SCHOOLS SHASTA,Daly City,San Mateo,50,6,4
SUN VALLEY MAGNET SCHOOL,Sun Valley,Los Angeles,9,5,3
SUNNY HILLS HIGH SCHOOL,Fullerton,Orange,177,31,15
SUNNYSIDE HIGH SCHOOL,Fresno,Fresno,57,5,
SUSAN MILLER DORSEY HIGH SCHL,Los Angeles,Los Angeles,15,5,
SUTTER UNION HIGH SCHOOL,Sutter,Sutter,11,,
SWEETWATER HIGH SCHOOL,National City,San Diego,61,8,3
SYLMAR BIOTECH HEALTH & ENG MAGNET,Sylmar,Los Angeles,7,,
SYLMAR HIGH SCHOOL,Sylmar,Los Angeles,44,9,5
SYNERGY QUANTUM ACADEMY,Los Angeles,Los Angeles,21,5,3
TAFT UNION HIGH SCHOOL,Taft,Kern,5,,
TAHQUITZ HIGH SCHOOL,Hemet,Riverside,14,3,
TAMALPAIS HIGH SCHOOL,Mill Valley,Marin,212,25,12
TAMISCAL HIGH SCHOOL,Larkspur,Marin,16,,
TEACH TECH CHARTER HIGH SCHOOL,Los Angeles,Los Angeles,15,,
TECHNOLOGY HIGH SCHOOL,Rohnert Park,Sonoma,19,3,
TEHACHAPI HIGH SCHOOL,Tehachapi,Kern,8,3,
TEMECULA PREPARATORY SCHOOL,Winchester,Riverside,15,,
TEMECULA VALLEY HIGH SCHOOL,Temecula,Riverside,95,9,
TEMESCAL CANYON HIGH SCHOOL,Lake Elsinore,Riverside,37,5,
TEMPLE CITY HIGH SCHOOL,Temple City,Los Angeles,164,22,8
TEMPLETON HIGH SCHOOL,Templeton,San Luis Obispo,19,3,
TENNYSON HIGH SCHOOL,Hayward,Alameda,23,3,
TERRA LINDA HIGH SCHOOL,San Rafael,Marin,89,11,4
TERRA NOVA HIGH SCHOOL,Pacifica,San Mateo,21,,
TESORO HIGH SCHOOL,Rancho San Margarit,Orange,128,11,9
THEODORE ROOSEVELT HIGH SCHOOL,Fresno,Fresno,43,4,
THEODORE ROOSEVELT SENIOR HIGH,Los Angeles,Los Angeles,34,8,3
THOMAS DOWNEY HIGH SCHOOL,Modesto,Stanislaus,24,6,4
THOMAS JEFFERSON HIGH SCHOOL,Los Angeles,Los Angeles,8,,
THOUSAND OAKS HIGH SCHOOL,Thousand Oaks,Ventura,49,7,3
THURGOOD MARSHALL ACADEMIC HS,San Francisco,San Francisco,19,,
TIDE ACADEMY,Menlo Park,San Mateo,19,,
TOKAY HIGH SCHOOL,Lodi,San Joaquin,28,,
TORRANCE HIGH SCHOOL,Torrance,Los Angeles,74,10,3
TORRES HIGH SCH RENAISSANCE ACADEMY,Los Angeles,Los Angeles,14,,
TORRES HS - SOCIAL JUSTICE LEADRSHP,Los Angeles,Los Angeles,8,,
TORRES HS ENGINEERING & TECHNICAL,Los Angeles,Los Angeles,5,,
TORRES HS PERFORMING ARTS ACADEMY,Los Angeles,Los Angeles,6,,
TORRES HS-HUMANITAS ACAD ART &TECH,Los Angeles,Los Angeles,8,,
TORREY PINES HIGH SCHOOL,San Diego,San Diego,228,29,16
TRABUCO HILLS HIGH SCHOOL,Mission Viejo,Orange,74,11,6
TRACY HIGH SCHOOL,Tracy,San Joaquin,35,3,3
TRANQUILLITY HIGH SCHOOL,Tranquillity,Fresno,14,,
TROY HIGH SCHOOL,Fullerton,Orange,299,52,27
TRUCKEE HIGH SCHOOL,Truckee,Placer,32,3,
TULARE UNION HIGH SCHOOL,Tulare,Tulare,13,3,
TULARE WESTERN HIGH SCHOOL,Tulare,Tulare,27,,
TURLOCK HIGH SCHOOL,Turlock,Stanislaus,33,7,5
TUSTIN CONNECT,Tustin,Orange,7,,
TUSTIN HIGH SCHOOL,Tustin,Orange,34,,
TWELVE BRIDGES HIGH SCHOOL,Lincoln,Placer,17,,
TWENTYNINE PALMS HIGH SCHOOL,Twentynine Palms,San Bernardino,5,,
UCLA COMMUNITY SCHOOL,Los Angeles,Los Angeles,26,6,4
UKIAH HIGH SCHOOL,Ukiah,Mendocino,35,8,3
ULYSSES S GRANT HIGH SCHOOL,Van Nuys,Los Angeles,55,9,6
UMOJA INTERNATIONAL ACADEMY,Sacramento,Sacramento,10,,
UNION MINE HIGH SCHOOL,El Dorado,El Dorado,12,,
UNIVERSITY CITY HIGH SCHOOL,San Diego,San Diego,106,5,3
UNIVERSITY HIGH SCHOOL,Fresno,Fresno,48,14,5
UNIVERSITY HIGH SCHOOL,Irvine,Orange,284,34,13
UNIVERSITY HIGH SCHOOL,Los Angeles,Los Angeles,70,9,
UNIVERSITY PREP ACADEMY,San Jose,Santa Clara,53,7,4
UNIVERSITY PREP VALUE HS,Los Angeles,Los Angeles,23,4,
UNIVERSITY PREPARATORY,Victorville,San Bernardino,37,6,4
UNIVERSITY PREPARATORY SCHOOL,Redding,Shasta,17,3,
UNIVERSITY PREPARTORY HIGH SCH,Visalia,Tulare,14,,
UPLAND HIGH SCHOOL,Upland,San Bernardino,71,8,
UPPER LAKE HIGH SCHOOL,Upper Lake,Lake,14,,
USC HYBRID HIGH COLLEGE PREP,Los Angeles,Los Angeles,28,6,3
USC MEDIA & ENGINEERING MAGNET SCH,Los Angeles,Los Angeles,7,,
VACAVILLE HIGH SCHOOL,Vacaville,Solano,44,9,4
VALENCIA HIGH SCHOOL,Placentia,Orange,124,12,4
VALENCIA HIGH SCHOOL,Valencia,Los Angeles,111,17,10
VALHALLA HIGH SCHOOL,El Cajon,San Diego,44,4,
VALLEJO HIGH SCHOOL,Vallejo,Solano,11,,
VALLEY ACADEMY ARTS & SCIENCES,Granada Hills,Los Angeles,17,5,
VALLEY CENTER HIGH SCHOOL,Valley Center,San Diego,17,,
VALLEY HIGH SCHOOL,Sacramento,Sacramento,48,5,
VALLEY HIGH SCHOOL,Santa Ana,Orange,35,5,3
VALLEY INTERNATIONAL PREP HS,Northridge,Los Angeles,9,,
VALLEY VIEW HIGH SCHOOL,Moreno Valley,Riverside,48,4,
VALOR ACADEMY HIGH SCHOOL,North Hills,Los Angeles,27,,
VAN NUYS HIGH SCHOOL,Van Nuys,Los Angeles,83,20,11
VANDEN HIGH SCHOOL,Fairfield,Solano,47,,
VASQUEZ HIGH SCHOOL,Acton,Los Angeles,5,,
VAUGHN NEXT CENTURY LEARN CTR,San Fernando,Los Angeles,19,3,3
VENICE HIGH SCHOOL,Los Angeles,Los Angeles,129,27,14
VENTURA HIGH SCHOOL,Ventura,Ventura,56,10,5
VENTURE ACADEMY,Stockton,San Joaquin,12,,
VERDUGO HILLS HIGH SCHOOL,Tujunga,Los Angeles,28,5,
VICTOR VALLEY HIGH SCHOOL,Victorville,San Bernardino,28,3,
VILLA PARK HIGH SCHOOL,Villa Park,Orange,54,9,5
VILLAGE ACADEMY HIGH SCHOOL,Pomona,Los Angeles,5,,
VINTAGE HIGH SCHOOL,Napa,Napa,35,7,3
VISIONS IN EDUCATION,Carmichael,Sacramento,30,,
VISTA DEL LAGO HIGH SCHOOL,Folsom,Sacramento,118,12,9
VISTA DEL LAGO HIGH SCHOOL,Moreno Valley,Riverside,26,,
VISTA HIGH SCHOOL,Vista,San Diego,29,5,
VISTA MURRIETA HIGH SCHOOL,Murrieta,Riverside,52,7,
WALLIS ANNENBERG HIGH SCHOOL,Los Angeles,Los Angeles,18,3,
WALNUT HIGH SCHOOL,Walnut,Los Angeles,179,20,15
WARREN HIGH SCHOOL,Downey,Los Angeles,76,10,4
WASCO UNION HIGH SCHOOL,Wasco,Kern,27,3,
WASHINGTON HIGH SCHOOL,Fremont,Alameda,142,13,12
WASHINGTON MIDDLE COLLEGE HS,West Sacramento,Yolo,5,,
WASHINGTON UNION HIGH SCHOOL,Fresno,Fresno,14,3,
WATERFORD HIGH SCHOOL,Waterford,Stanislaus,13,,
WATSONVILLE HIGH SCHOOL,Watsonville,Santa Cruz,59,6,3
WEBER INSTITUTE OF APPLIED SCIENCES,Stockton,San Joaquin,18,,
WEED HIGH SCHOOL,Weed,Siskiyou,6,3,
WEST ADAMS PREPARATORY HS,Los Angeles,Los Angeles,31,,
WEST CAMPUS HIGH SCHOOL,Sacramento,Sacramento,88,16,7
WEST COVINA HIGH SCHOOL,West Covina,Los Angeles,52,,
WEST HIGH SCHOOL,Bakersfield,Kern,22,4,
WEST HIGH SCHOOL,Torrance,Los Angeles,111,15,11
WEST HILLS HIGH SCHOOL,Santee,San Diego,25,4,
WEST PARK HIGH SCHOOL,Roseville,Placer,54,5,3
WEST RANCH HIGH SCHOOL,Valencia,Los Angeles,142,22,14
WEST SHORES HIGH SCHOOL,Thermal,Riverside,5,,
WEST VALLEY HIGH SCHOOL,Hemet,Riverside,20,,
WESTCHESTER ENRICHED SCIENCE MAGNET,Los Angeles,Los Angeles,24,6,
WESTERN CENTER ACADEMY,Hemet,Riverside,22,,
WESTERN HIGH SCHOOL,Anaheim,Orange,18,3,
WESTERN SIERRA COLLEGIATE ACAD,Rocklin,Placer,45,6,3
WESTLAKE CHARTER HIGH SCHOOL,Sacramento,Sacramento,29,4,
WESTLAKE HIGH SCHOOL,Westlake Village,Ventura,148,28,13
WESTMINSTER HIGH SCHOOL,Westminster,Orange,72,14,6
WESTMONT HIGH SCHOOL,Campbell,Santa Clara,107,4,
WESTMOOR HIGH SCHOOL,Daly City,San Mateo,69,6,5
WESTON RANCH HIGH SCHOOL,Stockton,San Joaquin,31,5,
WESTVIEW HIGH SCHOOL,San Diego,San Diego,201,27,17
WHEATLAND HIGH SCHOOL,Wheatland,Yuba,14,3,
WHITNEY HIGH SCHOOL,Rocklin,Placer,71,11,7
WHITTIER HIGH SCHOOL,Whittier,Los Angeles,42,,
WILL C WOOD HIGH SCHOOL,Vacaville,Solano,29,,
WILLIAM C OVERFELT HIGH SCHOOL,San Jose,Santa Clara,39,6,5
WILLIAM HOWARD TAFT HS,Woodland Hills,Los Angeles,130,15,6
WILLIAM J PETE KNIGHT HIGH SCH,Palmdale,Los Angeles,41,5,
WILLIAM S HART HIGH SCHOOL,Newhall,Los Angeles,60,6,5
WILLIAM WORKMAN HIGH SCHOOL,City Of Industry,Los Angeles,15,,
WILLIAMS HIGH SCHOOL,Williams,Colusa,13,,
WILLOW GLEN HIGH SCHOOL,San Jose,Santa Clara,72,12,6
WILMER AMINA CARTER HS,Rialto,San Bernardino,41,9,
WINDSOR HIGH SCHOOL,Windsor,Sonoma,50,7,4
WINTERS HIGH SCHOOL,Winters,Yolo,7,,
WISH ACADEMY HIGH SCHOOL,Los Angeles,Los Angeles,10,3,
WONDERFUL COLL PREP ACAD LOST HILLS,Lost Hills,Kern,5,,
WONDERFUL COLLEGE PREP ACAD DELANO,Delano,Kern,23,4,3
WOODBRIDGE HIGH SCHOOL,Irvine,Orange,173,26,13
WOODCREEK HIGH SCHOOL,Roseville,Placer,50,3,
WOODLAKE HIGH SCHOOL,Woodlake,Tulare,8,,
WOODLAND HIGH SCHOOL,Woodland,Yolo,30,5,
WOODROW WILSON HIGH SCHOOL,Long Beach,Los Angeles,114,16,8
WOODROW WILSON HIGH SCHOOL,Los Angeles,Los Angeles,45,7,5
WOODSIDE HIGH SCHOOL,Woodside,San Mateo,94,16,8
YERBA BUENA HIGH SCHOOL,San Jose,Santa Clara,91,17,13
YGNACIO VALLEY HIGH SCHOOL,Concord,Contra Costa,34,4,
YORBA LINDA HIGH SCHOOL,Yorba Linda,Orange,86,8,3
YOSEMITE HIGH SCHOOL,Oakhurst,Madera,7,,
YREKA HIGH SCHOOL,Yreka,Siskiyou,8,,
YUBA CITY HIGH SCHOOL,Yuba City,Sutter,29,4,3
YUCAIPA SENIOR HIGH SCHOOL,Yucaipa,San Bernardino,20,,
